PERMNO,date,COMNAM,RET,vwretd
76661,01/31/2007,ISIS PHARMACEUTICALS INC,-0.065647,0.019397
76661,02/28/2007,ISIS PHARMACEUTICALS INC,-0.122233,-0.013988
76661,03/30/2007,ISIS PHARMACEUTICALS INC,0.016447,0.012950
76661,04/30/2007,ISIS PHARMACEUTICALS INC,0.103560,0.039815
76661,05/31/2007,ISIS PHARMACEUTICALS INC,-0.016618,0.038932
76661,06/29/2007,ISIS PHARMACEUTICALS INC,-0.037773,-0.014765
76661,07/31/2007,ISIS PHARMACEUTICALS INC,0.075413,-0.031760
76661,08/31/2007,ISIS PHARMACEUTICALS INC,0.185399,0.011630
76661,09/28/2007,ISIS PHARMACEUTICALS INC,0.213128,0.040842
76661,10/31/2007,ISIS PHARMACEUTICALS INC,0.177021,0.025796
76661,11/30/2007,ISIS PHARMACEUTICALS INC,0.003973,-0.049327
76661,12/31/2007,ISIS PHARMACEUTICALS INC,-0.109667,-0.004423
76661,01/31/2008,ISIS PHARMACEUTICALS INC,-0.009524,-0.062138
76661,02/29/2008,ISIS PHARMACEUTICALS INC,-0.076923,-0.021663
76661,03/31/2008,ISIS PHARMACEUTICALS INC,-0.020139,-0.010421
76661,04/30/2008,ISIS PHARMACEUTICALS INC,-0.165131,0.051060
76661,05/30/2008,ISIS PHARMACEUTICALS INC,0.200340,0.023808
76661,06/30/2008,ISIS PHARMACEUTICALS INC,-0.036068,-0.078426
76661,07/31/2008,ISIS PHARMACEUTICALS INC,0.256786,-0.013341
76661,08/29/2008,ISIS PHARMACEUTICALS INC,0.032107,0.010566
76661,09/30/2008,ISIS PHARMACEUTICALS INC,-0.044683,-0.097980
76661,10/31/2008,ISIS PHARMACEUTICALS INC,-0.167555,-0.184648
76661,11/28/2008,ISIS PHARMACEUTICALS INC,-0.184211,-0.084615
76661,12/31/2008,ISIS PHARMACEUTICALS INC,0.236269,0.022154
76661,01/30/2009,ISIS PHARMACEUTICALS INC,-0.003526,-0.077315
76661,02/27/2009,ISIS PHARMACEUTICALS INC,-0.089880,-0.100271
76661,03/31/2009,ISIS PHARMACEUTICALS INC,0.167185,0.086748
76661,04/30/2009,ISIS PHARMACEUTICALS INC,0.044637,0.109352
76661,05/29/2009,ISIS PHARMACEUTICALS INC,-0.119898,0.067774
76661,06/30/2009,ISIS PHARMACEUTICALS INC,0.195652,-0.003099
76661,07/31/2009,ISIS PHARMACEUTICALS INC,0.107879,0.081752
76661,08/31/2009,ISIS PHARMACEUTICALS INC,-0.117068,0.031469
76661,09/30/2009,ISIS PHARMACEUTICALS INC,-0.097274,0.045216
76661,10/30/2009,ISIS PHARMACEUTICALS INC,-0.130405,-0.027971
76661,11/30/2009,ISIS PHARMACEUTICALS INC,-0.154696,0.057117
76661,12/31/2009,ISIS PHARMACEUTICALS INC,0.037348,0.028430
76661,01/29/2010,ISIS PHARMACEUTICALS INC,0.004500,-0.037098
76661,02/26/2010,ISIS PHARMACEUTICALS INC,-0.207885,0.034786
76661,03/31/2010,ISIS PHARMACEUTICALS INC,0.236425,0.063626
76661,04/30/2010,ISIS PHARMACEUTICALS INC,-0.015554,0.020063
76661,05/28/2010,ISIS PHARMACEUTICALS INC,-0.144981,-0.079163
76661,06/30/2010,ISIS PHARMACEUTICALS INC,0.040217,-0.050745
76661,07/30/2010,ISIS PHARMACEUTICALS INC,0.033438,0.070309
76661,08/31/2010,ISIS PHARMACEUTICALS INC,-0.210313,-0.042844
76661,09/30/2010,ISIS PHARMACEUTICALS INC,0.075544,0.091547
76661,10/29/2010,ISIS PHARMACEUTICALS INC,0.088095,0.038512
76661,11/30/2010,ISIS PHARMACEUTICALS INC,0.032276,0.005125
76661,12/31/2010,ISIS PHARMACEUTICALS INC,0.072602,0.067205
76661,01/31/2011,ISIS PHARMACEUTICALS INC,-0.100790,0.019137
76661,02/28/2011,ISIS PHARMACEUTICALS INC,0.002198,0.038175
76661,03/31/2011,ISIS PHARMACEUTICALS INC,-0.008772,0.003353
76661,04/29/2011,ISIS PHARMACEUTICALS INC,0.037611,0.028667
76661,05/31/2011,ISIS PHARMACEUTICALS INC,-0.015992,-0.014900
76661,06/30/2011,ISIS PHARMACEUTICALS INC,-0.007584,-0.018388
76661,07/29/2011,ISIS PHARMACEUTICALS INC,-0.056769,-0.022524
76661,08/31/2011,ISIS PHARMACEUTICALS INC,-0.133102,-0.057498
76661,09/30/2011,ISIS PHARMACEUTICALS INC,-0.094793,-0.084862
76661,10/31/2011,ISIS PHARMACEUTICALS INC,0.222714,0.114030
76661,11/30/2011,ISIS PHARMACEUTICALS INC,-0.104946,-0.006207
76661,12/30/2011,ISIS PHARMACEUTICALS INC,-0.028302,0.003696
76661,01/31/2012,ISIS PHARMACEUTICALS INC,0.131761,0.054095
76661,02/29/2012,ISIS PHARMACEUTICALS INC,0.116422,0.041239
76661,03/30/2012,ISIS PHARMACEUTICALS INC,-0.037322,0.024004
76661,04/30/2012,ISIS PHARMACEUTICALS INC,-0.087799,-0.006806
76661,05/31/2012,ISIS PHARMACEUTICALS INC,0.236250,-0.065574
76661,06/29/2012,ISIS PHARMACEUTICALS INC,0.213347,0.038189
76661,07/31/2012,ISIS PHARMACEUTICALS INC,0.010000,0.010284
76661,08/31/2012,ISIS PHARMACEUTICALS INC,0.122937,0.026278
76661,09/28/2012,ISIS PHARMACEUTICALS INC,0.033799,0.026554
76661,10/31/2012,ISIS PHARMACEUTICALS INC,-0.385927,-0.014104
76661,11/30/2012,ISIS PHARMACEUTICALS INC,0.064815,0.006192
76661,12/31/2012,ISIS PHARMACEUTICALS INC,0.134783,0.012529
76661,01/31/2013,ISIS PHARMACEUTICALS INC,0.391762,0.054145
76661,02/28/2013,ISIS PHARMACEUTICALS INC,0.011356,0.008340
76661,03/28/2013,ISIS PHARMACEUTICALS INC,0.152773,0.035294
76661,04/30/2013,ISIS PHARMACEUTICALS INC,0.321724,0.014947
76661,05/31/2013,ISIS PHARMACEUTICALS INC,-0.031264,0.019074
76661,06/28/2013,ISIS PHARMACEUTICALS INC,0.238820,-0.015036
76661,07/31/2013,ISIS PHARMACEUTICALS INC,0.073688,0.052717
76661,08/30/2013,ISIS PHARMACEUTICALS INC,-0.104679,-0.025727
76661,09/30/2013,ISIS PHARMACEUTICALS INC,0.453349,0.037470
76661,10/31/2013,ISIS PHARMACEUTICALS INC,-0.113745,0.039895
76661,11/29/2013,ISIS PHARMACEUTICALS INC,0.165013,0.024966
76661,12/31/2013,ISIS PHARMACEUTICALS INC,0.027864,0.026140
76661,01/31/2014,ISIS PHARMACEUTICALS INC,0.281627,-0.029987
76661,02/28/2014,ISIS PHARMACEUTICALS INC,-0.001175,0.046186
76661,03/31/2014,ISIS PHARMACEUTICALS INC,-0.152745,0.004501
76661,04/30/2014,ISIS PHARMACEUTICALS INC,-0.384170,0.001670
76661,05/30/2014,ISIS PHARMACEUTICALS INC,0.098083,0.020223
76661,06/30/2014,ISIS PHARMACEUTICALS INC,0.178987,0.027961
76661,07/31/2014,ISIS PHARMACEUTICALS INC,-0.100435,-0.020536
76661,08/29/2014,ISIS PHARMACEUTICALS INC,0.315263,0.040206
76661,09/30/2014,ISIS PHARMACEUTICALS INC,-0.047350,-0.025132
76661,10/31/2014,ISIS PHARMACEUTICALS INC,0.186196,0.021198
76661,11/28/2014,ISIS PHARMACEUTICALS INC,0.124403,0.021159
76661,12/31/2014,ISIS PHARMACEUTICALS INC,0.192122,-0.003623
76661,01/30/2015,ISIS PHARMACEUTICALS INC,0.109653,-0.027200
76661,02/27/2015,ISIS PHARMACEUTICALS INC,0.000730,0.056017
76661,03/31/2015,ISIS PHARMACEUTICALS INC,-0.071324,-0.010454
76661,04/30/2015,ISIS PHARMACEUTICALS INC,-0.109157,0.008716
76661,05/29/2015,ISIS PHARMACEUTICALS INC,0.186883,0.010344
76661,06/30/2015,ISIS PHARMACEUTICALS INC,-0.145128,-0.019262
76661,07/31/2015,ISIS PHARMACEUTICALS INC,-0.045526,0.012113
76661,08/31/2015,ISIS PHARMACEUTICALS INC,-0.086474,-0.060046
76661,09/30/2015,ISIS PHARMACEUTICALS INC,-0.194500,-0.033769
76661,10/30/2015,ISIS PHARMACEUTICALS INC,0.191242,0.074021
76661,11/30/2015,ISIS PHARMACEUTICALS INC,0.267705,0.002448
76661,12/31/2015,IONIS PHARMACEUTICALS INC,0.014581,-0.022287
76661,01/29/2016,IONIS PHARMACEUTICALS INC,-0.371387,-0.057094
76661,02/29/2016,IONIS PHARMACEUTICALS INC,-0.112253,0.000685
76661,03/31/2016,IONIS PHARMACEUTICALS INC,0.171875,0.070518
76661,04/29/2016,IONIS PHARMACEUTICALS INC,0.011605,0.011814
76661,05/31/2016,IONIS PHARMACEUTICALS INC,-0.446180,0.014316
76661,06/30/2016,IONIS PHARMACEUTICALS INC,0.026443,0.003111
76661,07/29/2016,IONIS PHARMACEUTICALS INC,0.253328,0.038775
76661,08/31/2016,IONIS PHARMACEUTICALS INC,0.015759,0.002789
76661,09/30/2016,IONIS PHARMACEUTICALS INC,0.235750,0.003017
76661,10/31/2016,IONIS PHARMACEUTICALS INC,-0.290939,-0.021594
76661,11/30/2016,IONIS PHARMACEUTICALS INC,0.684373,0.040491
76661,12/30/2016,IONIS PHARMACEUTICALS INC,0.093007,0.018792
76661,01/31/2017,IONIS PHARMACEUTICALS INC,-0.069622,0.022190
76661,02/28/2017,IONIS PHARMACEUTICALS INC,0.118427,0.032665
76661,03/31/2017,IONIS PHARMACEUTICALS INC,-0.192284,0.002092
76661,04/28/2017,IONIS PHARMACEUTICALS INC,0.198756,0.009615
76661,05/31/2017,IONIS PHARMACEUTICALS INC,-0.049803,0.009335
76661,06/30/2017,IONIS PHARMACEUTICALS INC,0.110941,0.009469
76661,07/31/2017,IONIS PHARMACEUTICALS INC,0.030077,0.020330
76661,08/31/2017,IONIS PHARMACEUTICALS INC,0.023282,0.001589
76661,09/29/2017,IONIS PHARMACEUTICALS INC,-0.054457,0.023734
76661,10/31/2017,IONIS PHARMACEUTICALS INC,0.126430,0.019281
76661,11/30/2017,IONIS PHARMACEUTICALS INC,-0.028366,0.027309
76661,12/29/2017,IONIS PHARMACEUTICALS INC,-0.093530,0.012173
76661,01/31/2018,IONIS PHARMACEUTICALS INC,0.044135,0.050656
76661,02/28/2018,IONIS PHARMACEUTICALS INC,0.005712,-0.039465
76661,03/29/2018,IONIS PHARMACEUTICALS INC,-0.165468,-0.018433
76661,04/30/2018,IONIS PHARMACEUTICALS INC,-0.023820,0.004769
76661,05/31/2018,IONIS PHARMACEUTICALS INC,0.084127,0.026170
76661,06/29/2018,IONIS PHARMACEUTICALS INC,-0.106752,0.005334
76661,07/31/2018,IONIS PHARMACEUTICALS INC,0.048236,0.031605
76661,08/31/2018,IONIS PHARMACEUTICALS INC,0.046016,0.030221
76661,09/28/2018,IONIS PHARMACEUTICALS INC,0.128912,0.000443
76661,10/31/2018,IONIS PHARMACEUTICALS INC,-0.039356,-0.074031
76661,11/30/2018,IONIS PHARMACEUTICALS INC,0.176388,0.018530
76661,12/31/2018,IONIS PHARMACEUTICALS INC,-0.072568,-0.089810
77178,01/31/2007,QUALCOMM INC,-0.003440,0.019397
77178,02/28/2007,QUALCOMM INC,0.073290,-0.013988
77178,03/30/2007,QUALCOMM INC,0.058558,0.012950
77178,04/30/2007,QUALCOMM INC,0.026723,0.039815
77178,05/31/2007,QUALCOMM INC,-0.016210,0.038932
77178,06/29/2007,QUALCOMM INC,0.010244,-0.014765
77178,07/31/2007,QUALCOMM INC,-0.040101,-0.031760
77178,08/31/2007,QUALCOMM INC,-0.038896,0.011630
77178,09/28/2007,QUALCOMM INC,0.059413,0.040842
77178,10/31/2007,QUALCOMM INC,0.011122,0.025796
77178,11/30/2007,QUALCOMM INC,-0.045635,-0.049327
77178,12/31/2007,QUALCOMM INC,-0.031633,-0.004423
77178,01/31/2008,QUALCOMM INC,0.078018,-0.062138
77178,02/29/2008,QUALCOMM INC,0.002591,-0.021663
77178,03/31/2008,QUALCOMM INC,-0.032788,-0.010421
77178,04/30/2008,QUALCOMM INC,0.053415,0.051060
77178,05/30/2008,QUALCOMM INC,0.127576,0.023808
77178,06/30/2008,QUALCOMM INC,-0.085909,-0.078426
77178,07/31/2008,QUALCOMM INC,0.247239,-0.013341
77178,08/29/2008,QUALCOMM INC,-0.045717,0.010566
77178,09/30/2008,QUALCOMM INC,-0.183856,-0.097980
77178,10/31/2008,QUALCOMM INC,-0.109611,-0.184648
77178,11/28/2008,QUALCOMM INC,-0.122582,-0.084615
77178,12/31/2008,QUALCOMM INC,0.072088,0.022154
77178,01/30/2009,QUALCOMM INC,-0.035724,-0.077315
77178,02/27/2009,QUALCOMM INC,-0.027786,-0.100271
77178,03/31/2009,QUALCOMM INC,0.163925,0.086748
77178,04/30/2009,QUALCOMM INC,0.087638,0.109352
77178,05/29/2009,QUALCOMM INC,0.034026,0.067774
77178,06/30/2009,QUALCOMM INC,0.036935,-0.003099
77178,07/31/2009,QUALCOMM INC,0.022345,0.081752
77178,08/31/2009,QUALCOMM INC,0.008223,0.031469
77178,09/30/2009,QUALCOMM INC,-0.031021,0.045216
77178,10/30/2009,QUALCOMM INC,-0.081147,-0.027971
77178,11/30/2009,QUALCOMM INC,0.092911,0.057117
77178,12/31/2009,QUALCOMM INC,0.028000,0.028430
77178,01/29/2010,QUALCOMM INC,-0.152832,-0.037098
77178,02/26/2010,QUALCOMM INC,-0.059635,0.034786
77178,03/31/2010,QUALCOMM INC,0.143857,0.063626
77178,04/30/2010,QUALCOMM INC,-0.078170,0.020063
77178,05/28/2010,QUALCOMM INC,-0.075750,-0.079163
77178,06/30/2010,QUALCOMM INC,-0.076490,-0.050745
77178,07/30/2010,QUALCOMM INC,0.159562,0.070309
77178,08/31/2010,QUALCOMM INC,0.010767,-0.042844
77178,09/30/2010,QUALCOMM INC,0.178394,0.091547
77178,10/29/2010,QUALCOMM INC,0.000609,0.038512
77178,11/30/2010,QUALCOMM INC,0.040965,0.005125
77178,12/31/2010,QUALCOMM INC,0.057027,0.067205
77178,01/31/2011,QUALCOMM INC,0.093756,0.019137
77178,02/28/2011,QUALCOMM INC,0.104194,0.038175
77178,03/31/2011,QUALCOMM INC,-0.079725,0.003353
77178,04/29/2011,QUALCOMM INC,0.041218,0.028667
77178,05/31/2011,QUALCOMM INC,0.030040,-0.014900
77178,06/30/2011,QUALCOMM INC,-0.030722,-0.018388
77178,07/29/2011,QUALCOMM INC,-0.035394,-0.022524
77178,08/31/2011,QUALCOMM INC,-0.056681,-0.057498
77178,09/30/2011,QUALCOMM INC,-0.054994,-0.084862
77178,10/31/2011,QUALCOMM INC,0.061073,0.114030
77178,11/30/2011,QUALCOMM INC,0.066182,-0.006207
77178,12/30/2011,QUALCOMM INC,-0.001825,0.003696
77178,01/31/2012,QUALCOMM INC,0.075320,0.054095
77178,02/29/2012,QUALCOMM INC,0.060779,0.041239
77178,03/30/2012,QUALCOMM INC,0.094564,0.024004
77178,04/30/2012,QUALCOMM INC,-0.062151,-0.006806
77178,05/31/2012,QUALCOMM INC,-0.098230,-0.065574
77178,06/29/2012,QUALCOMM INC,-0.028442,0.038189
77178,07/31/2012,QUALCOMM INC,0.071839,0.010284
77178,08/31/2012,QUALCOMM INC,0.029826,0.026278
77178,09/28/2012,QUALCOMM INC,0.020501,0.026554
77178,10/31/2012,QUALCOMM INC,-0.061790,-0.014104
77178,11/30/2012,QUALCOMM INC,0.085480,0.006192
77178,12/31/2012,QUALCOMM INC,-0.023741,0.012529
77178,01/31/2013,QUALCOMM INC,0.067255,0.054145
77178,02/28/2013,QUALCOMM INC,-0.005756,0.008340
77178,03/28/2013,QUALCOMM INC,0.023614,0.035294
77178,04/30/2013,QUALCOMM INC,-0.079773,0.014947
77178,05/31/2013,QUALCOMM INC,0.030519,0.019074
77178,06/28/2013,QUALCOMM INC,-0.032136,-0.015036
77178,07/31/2013,QUALCOMM INC,0.056834,0.052717
77178,08/30/2013,QUALCOMM INC,0.032031,-0.025727
77178,09/30/2013,QUALCOMM INC,0.015691,0.037470
77178,10/31/2013,QUALCOMM INC,0.032234,0.039895
77178,11/29/2013,QUALCOMM INC,0.063894,0.024966
77178,12/31/2013,QUALCOMM INC,0.009106,0.026140
77178,01/31/2014,QUALCOMM INC,-0.000404,-0.029987
77178,02/28/2014,QUALCOMM INC,0.014417,0.046186
77178,03/31/2014,QUALCOMM INC,0.052065,0.004501
77178,04/30/2014,QUALCOMM INC,-0.001902,0.001670
77178,05/30/2014,QUALCOMM INC,0.022106,0.020223
77178,06/30/2014,QUALCOMM INC,-0.010317,0.027961
77178,07/31/2014,QUALCOMM INC,-0.069192,-0.020536
77178,08/29/2014,QUALCOMM INC,0.037982,0.040206
77178,09/30/2014,QUALCOMM INC,-0.017477,-0.025132
77178,10/31/2014,QUALCOMM INC,0.050020,0.021198
77178,11/28/2014,QUALCOMM INC,-0.066106,0.021159
77178,12/31/2014,QUALCOMM INC,0.019616,-0.003623
77178,01/30/2015,QUALCOMM INC,-0.159693,-0.027200
77178,02/27/2015,QUALCOMM INC,0.160903,0.056017
77178,03/31/2015,QUALCOMM INC,-0.037926,-0.010454
77178,04/30/2015,QUALCOMM INC,-0.019325,0.008716
77178,05/29/2015,QUALCOMM INC,0.024706,0.010344
77178,06/30/2015,QUALCOMM INC,-0.094288,-0.019262
77178,07/31/2015,QUALCOMM INC,0.028102,0.012113
77178,08/31/2015,QUALCOMM INC,-0.113838,-0.060046
77178,09/30/2015,QUALCOMM INC,-0.050371,-0.033769
77178,10/30/2015,QUALCOMM INC,0.105900,0.074021
77178,11/30/2015,QUALCOMM INC,-0.170818,0.002448
77178,12/31/2015,QUALCOMM INC,0.024493,-0.022287
77178,01/29/2016,QUALCOMM INC,-0.092928,-0.057094
77178,02/29/2016,QUALCOMM INC,0.130790,0.000685
77178,03/31/2016,QUALCOMM INC,0.006891,0.070518
77178,04/29/2016,QUALCOMM INC,-0.012124,0.011814
77178,05/31/2016,QUALCOMM INC,0.097585,0.014316
77178,06/30/2016,QUALCOMM INC,-0.024581,0.003111
77178,07/29/2016,QUALCOMM INC,0.168191,0.038775
77178,08/31/2016,QUALCOMM INC,0.016299,0.002789
77178,09/30/2016,QUALCOMM INC,0.086095,0.003017
77178,10/31/2016,QUALCOMM INC,0.003212,-0.021594
77178,11/30/2016,QUALCOMM INC,-0.000873,0.040491
77178,12/30/2016,QUALCOMM INC,-0.043006,0.018792
77178,01/31/2017,QUALCOMM INC,-0.180521,0.022190
77178,02/28/2017,QUALCOMM INC,0.067004,0.032665
77178,03/31/2017,QUALCOMM INC,0.015227,0.002092
77178,04/28/2017,QUALCOMM INC,-0.062783,0.009615
77178,05/31/2017,QUALCOMM INC,0.076293,0.009335
77178,06/30/2017,QUALCOMM INC,-0.035795,0.009469
77178,07/31/2017,QUALCOMM INC,-0.036762,0.020330
77178,08/31/2017,QUALCOMM INC,-0.006580,0.001589
77178,09/29/2017,QUALCOMM INC,-0.008227,0.023734
77178,10/31/2017,QUALCOMM INC,-0.016011,0.019281
77178,11/30/2017,QUALCOMM INC,0.311704,0.027309
77178,12/29/2017,QUALCOMM INC,-0.034971,0.012173
77178,01/31/2018,QUALCOMM INC,0.066073,0.050656
77178,02/28/2018,QUALCOMM INC,-0.039267,-0.039465
77178,03/29/2018,QUALCOMM INC,-0.147538,-0.018433
77178,04/30/2018,QUALCOMM INC,-0.079408,0.004769
77178,05/31/2018,QUALCOMM INC,0.151539,0.026170
77178,06/29/2018,QUALCOMM INC,-0.034412,0.005334
77178,07/31/2018,QUALCOMM INC,0.142017,0.031605
77178,08/31/2018,QUALCOMM INC,0.072086,0.030221
77178,09/28/2018,QUALCOMM INC,0.057342,0.000443
77178,10/31/2018,QUALCOMM INC,-0.126892,-0.074031
77178,11/30/2018,QUALCOMM INC,-0.073621,0.018530
77178,12/31/2018,QUALCOMM INC,-0.012530,-0.089810
77453,01/31/2007,JACK IN THE BOX INC,0.012287,0.019397
77453,02/28/2007,JACK IN THE BOX INC,0.104548,-0.013988
77453,03/30/2007,JACK IN THE BOX INC,0.012894,0.012950
77453,04/30/2007,JACK IN THE BOX INC,-0.036308,0.039815
77453,05/31/2007,JACK IN THE BOX INC,0.147853,0.038932
77453,06/29/2007,JACK IN THE BOX INC,-0.072316,-0.014765
77453,07/31/2007,JACK IN THE BOX INC,-0.097970,-0.031760
77453,08/31/2007,JACK IN THE BOX INC,-0.027661,0.011630
77453,09/28/2007,JACK IN THE BOX INC,0.042109,0.040842
77453,10/31/2007,JACK IN THE BOX INC,-0.032387,0.025796
77453,11/30/2007,JACK IN THE BOX INC,-0.045266,-0.049327
77453,12/31/2007,JACK IN THE BOX INC,-0.139566,-0.004423
77453,01/31/2008,JACK IN THE BOX INC,0.128832,-0.062138
77453,02/29/2008,JACK IN THE BOX INC,-0.096941,-0.021663
77453,03/31/2008,JACK IN THE BOX INC,0.022840,-0.010421
77453,04/30/2008,JACK IN THE BOX INC,-0.004466,0.051060
77453,05/30/2008,JACK IN THE BOX INC,-0.081495,0.023808
77453,06/30/2008,JACK IN THE BOX INC,-0.087912,-0.078426
77453,07/31/2008,JACK IN THE BOX INC,-0.037037,-0.013341
77453,08/29/2008,JACK IN THE BOX INC,0.099629,0.010566
77453,09/30/2008,JACK IN THE BOX INC,-0.110830,-0.097980
77453,10/31/2008,JACK IN THE BOX INC,-0.047393,-0.184648
77453,11/28/2008,JACK IN THE BOX INC,-0.129353,-0.084615
77453,12/31/2008,JACK IN THE BOX INC,0.262286,0.022154
77453,01/30/2009,JACK IN THE BOX INC,0.022635,-0.077315
77453,02/27/2009,JACK IN THE BOX INC,-0.139442,-0.100271
77453,03/31/2009,JACK IN THE BOX INC,0.198045,0.086748
77453,04/30/2009,JACK IN THE BOX INC,0.055818,0.109352
77453,05/29/2009,JACK IN THE BOX INC,0.069540,0.067774
77453,06/30/2009,JACK IN THE BOX INC,-0.146388,-0.003099
77453,07/31/2009,JACK IN THE BOX INC,-0.060134,0.081752
77453,08/31/2009,JACK IN THE BOX INC,-0.033649,0.031469
77453,09/30/2009,JACK IN THE BOX INC,0.004904,0.045216
77453,10/30/2009,JACK IN THE BOX INC,-0.084431,-0.027971
77453,11/30/2009,JACK IN THE BOX INC,-0.004797,0.057117
77453,12/31/2009,JACK IN THE BOX INC,0.053562,0.028430
77453,01/29/2010,JACK IN THE BOX INC,-0.008134,-0.037098
77453,02/26/2010,JACK IN THE BOX INC,0.082522,0.034786
77453,03/31/2010,JACK IN THE BOX INC,0.115057,0.063626
77453,04/30/2010,JACK IN THE BOX INC,-0.002972,0.020063
77453,05/28/2010,JACK IN THE BOX INC,-0.044293,-0.079163
77453,06/30/2010,JACK IN THE BOX INC,-0.133244,-0.050745
77453,07/30/2010,JACK IN THE BOX INC,0.060668,0.070309
77453,08/31/2010,JACK IN THE BOX INC,-0.021813,-0.042844
77453,09/30/2010,JACK IN THE BOX INC,0.062438,0.091547
77453,10/29/2010,JACK IN THE BOX INC,0.080224,0.038512
77453,11/30/2010,JACK IN THE BOX INC,-0.131477,0.005125
77453,12/31/2010,JACK IN THE BOX INC,0.050460,0.067205
77453,01/31/2011,JACK IN THE BOX INC,0.038334,0.019137
77453,02/28/2011,JACK IN THE BOX INC,0.002735,0.038175
77453,03/31/2011,JACK IN THE BOX INC,0.030909,0.003353
77453,04/29/2011,JACK IN THE BOX INC,-0.089506,0.028667
77453,05/31/2011,JACK IN THE BOX INC,0.075545,-0.014900
77453,06/30/2011,JACK IN THE BOX INC,0.025664,-0.018388
77453,07/29/2011,JACK IN THE BOX INC,-0.002634,-0.022524
77453,08/31/2011,JACK IN THE BOX INC,-0.085827,-0.057498
77453,09/30/2011,JACK IN THE BOX INC,-0.040924,-0.084862
77453,10/31/2011,JACK IN THE BOX INC,0.033133,0.114030
77453,11/30/2011,JACK IN THE BOX INC,-0.003887,-0.006207
77453,12/30/2011,JACK IN THE BOX INC,0.019512,0.003696
77453,01/31/2012,JACK IN THE BOX INC,0.014354,0.054095
77453,02/29/2012,JACK IN THE BOX INC,0.125000,0.041239
77453,03/30/2012,JACK IN THE BOX INC,0.005031,0.024004
77453,04/30/2012,JACK IN THE BOX INC,-0.052149,-0.006806
77453,05/31/2012,JACK IN THE BOX INC,0.137764,-0.065574
77453,06/29/2012,JACK IN THE BOX INC,0.078530,0.038189
77453,07/31/2012,JACK IN THE BOX INC,-0.031923,0.010284
77453,08/31/2012,JACK IN THE BOX INC,-0.033346,0.026278
77453,09/28/2012,JACK IN THE BOX INC,0.077424,0.026554
77453,10/31/2012,JACK IN THE BOX INC,-0.074707,-0.014104
77453,11/30/2012,JACK IN THE BOX INC,0.059208,0.006192
77453,12/31/2012,JACK IN THE BOX INC,0.038113,0.012529
77453,01/31/2013,JACK IN THE BOX INC,0.015035,0.054145
77453,02/28/2013,JACK IN THE BOX INC,0.090596,0.008340
77453,03/28/2013,JACK IN THE BOX INC,0.092546,0.035294
77453,04/30/2013,JACK IN THE BOX INC,0.036427,0.014947
77453,05/31/2013,JACK IN THE BOX INC,0.017852,0.019074
77453,06/28/2013,JACK IN THE BOX INC,0.076733,-0.015036
77453,07/31/2013,JACK IN THE BOX INC,0.020361,0.052717
77453,08/30/2013,JACK IN THE BOX INC,-0.014966,-0.025727
77453,09/30/2013,JACK IN THE BOX INC,0.012661,0.037470
77453,10/31/2013,JACK IN THE BOX INC,0.017254,0.039895
77453,11/29/2013,JACK IN THE BOX INC,0.163963,0.024966
77453,12/31/2013,JACK IN THE BOX INC,0.056389,0.026140
77453,01/31/2014,JACK IN THE BOX INC,0.010996,-0.029987
77453,02/28/2014,JACK IN THE BOX INC,0.136049,0.046186
77453,03/31/2014,JACK IN THE BOX INC,0.025936,0.004501
77453,04/30/2014,JACK IN THE BOX INC,-0.091619,0.001670
77453,05/30/2014,JACK IN THE BOX INC,0.081995,0.020223
77453,06/30/2014,JACK IN THE BOX INC,0.036549,0.027961
77453,07/31/2014,JACK IN THE BOX INC,-0.044285,-0.020536
77453,08/29/2014,JACK IN THE BOX INC,0.043015,0.040206
77453,09/30/2014,JACK IN THE BOX INC,0.147014,-0.025132
77453,10/31/2014,JACK IN THE BOX INC,0.041795,0.021198
77453,11/28/2014,JACK IN THE BOX INC,0.051520,0.021159
77453,12/31/2014,JACK IN THE BOX INC,0.073289,-0.003623
77453,01/30/2015,JACK IN THE BOX INC,0.060405,-0.027200
77453,02/27/2015,JACK IN THE BOX INC,0.140347,0.056017
77453,03/31/2015,JACK IN THE BOX INC,-0.005895,-0.010454
77453,04/30/2015,JACK IN THE BOX INC,-0.095392,0.008716
77453,05/29/2015,JACK IN THE BOX INC,0.003918,0.010344
77453,06/30/2015,JACK IN THE BOX INC,0.015551,-0.019262
77453,07/31/2015,JACK IN THE BOX INC,0.077586,0.012113
77453,08/31/2015,JACK IN THE BOX INC,-0.173895,-0.060046
77453,09/30/2015,JACK IN THE BOX INC,-0.014582,-0.033769
77453,10/30/2015,JACK IN THE BOX INC,-0.032581,0.074021
77453,11/30/2015,JACK IN THE BOX INC,-0.005233,0.002448
77453,12/31/2015,JACK IN THE BOX INC,0.038711,-0.022287
77453,01/29/2016,JACK IN THE BOX INC,0.012124,-0.057094
77453,02/29/2016,JACK IN THE BOX INC,-0.110639,0.000685
77453,03/31/2016,JACK IN THE BOX INC,-0.070982,0.070518
77453,04/29/2016,JACK IN THE BOX INC,0.057617,0.011814
77453,05/31/2016,JACK IN THE BOX INC,0.265729,0.014316
77453,06/30/2016,JACK IN THE BOX INC,0.008451,0.003111
77453,07/29/2016,JACK IN THE BOX INC,0.028748,0.038775
77453,08/31/2016,JACK IN THE BOX INC,0.128634,0.002789
77453,09/30/2016,JACK IN THE BOX INC,-0.035391,0.003017
77453,10/31/2016,JACK IN THE BOX INC,-0.023035,-0.021594
77453,11/30/2016,JACK IN THE BOX INC,0.109783,0.040491
77453,12/30/2016,JACK IN THE BOX INC,0.077101,0.018792
77453,01/31/2017,JACK IN THE BOX INC,-0.033321,0.022190
77453,02/28/2017,JACK IN THE BOX INC,-0.131672,0.032665
77453,03/31/2017,JACK IN THE BOX INC,0.089745,0.002092
77453,04/28/2017,JACK IN THE BOX INC,0.002458,0.009615
77453,05/31/2017,JACK IN THE BOX INC,0.049132,0.009335
77453,06/30/2017,JACK IN THE BOX INC,-0.075812,0.009469
77453,07/31/2017,JACK IN THE BOX INC,-0.058274,0.020330
77453,08/31/2017,JACK IN THE BOX INC,0.013583,0.001589
77453,09/29/2017,JACK IN THE BOX INC,0.088656,0.023734
77453,10/31/2017,JACK IN THE BOX INC,0.015601,0.019281
77453,11/30/2017,JACK IN THE BOX INC,0.000000,0.027309
77453,12/29/2017,JACK IN THE BOX INC,-0.048305,0.012173
77453,01/31/2018,JACK IN THE BOX INC,-0.072572,0.050656
77453,02/28/2018,JACK IN THE BOX INC,-0.010001,-0.039465
77453,03/29/2018,JACK IN THE BOX INC,-0.048290,-0.018433
77453,04/30/2018,JACK IN THE BOX INC,0.051213,0.004769
77453,05/31/2018,JACK IN THE BOX INC,-0.096210,0.026170
77453,06/29/2018,JACK IN THE BOX INC,0.055163,0.005334
77453,07/31/2018,JACK IN THE BOX INC,-0.010338,0.031605
77453,08/31/2018,JACK IN THE BOX INC,0.080722,0.030221
77453,09/28/2018,JACK IN THE BOX INC,-0.075132,0.000443
77453,10/31/2018,JACK IN THE BOX INC,-0.058452,-0.074031
77453,11/30/2018,JACK IN THE BOX INC,0.123654,0.018530
77453,12/31/2018,JACK IN THE BOX INC,-0.120194,-0.089810
81736,01/31/2007,RESMED INC,0.068265,0.019397
81736,02/28/2007,RESMED INC,-0.092240,-0.013988
81736,03/30/2007,RESMED INC,0.055311,0.012950
81736,04/30/2007,RESMED INC,-0.161009,0.039815
81736,05/31/2007,RESMED INC,0.066730,0.038932
81736,06/29/2007,RESMED INC,-0.084738,-0.014765
81736,07/31/2007,RESMED INC,0.041687,-0.031760
81736,08/31/2007,RESMED INC,-0.053979,0.011630
81736,09/28/2007,RESMED INC,0.054353,0.040842
81736,10/31/2007,RESMED INC,-0.033590,0.025796
81736,11/30/2007,RESMED INC,0.105479,-0.049327
81736,12/31/2007,RESMED INC,0.146943,-0.004423
81736,01/31/2008,RESMED INC,-0.115743,-0.062138
81736,02/29/2008,RESMED INC,-0.128310,-0.021663
81736,03/31/2008,RESMED INC,0.041739,-0.010421
81736,04/30/2008,RESMED INC,0.022285,0.051060
81736,05/30/2008,RESMED INC,-0.086503,0.023808
81736,06/30/2008,RESMED INC,-0.092663,-0.078426
81736,07/31/2008,RESMED INC,0.058198,-0.013341
81736,08/29/2008,RESMED INC,0.237440,0.010566
81736,09/30/2008,RESMED INC,-0.081197,-0.097980
81736,10/31/2008,RESMED INC,-0.203256,-0.184648
81736,11/28/2008,RESMED INC,0.060712,-0.084615
81736,12/31/2008,RESMED INC,0.031370,0.022154
81736,01/30/2009,RESMED INC,0.064568,-0.077315
81736,02/27/2009,RESMED INC,-0.075689,-0.100271
81736,03/31/2009,RESMED INC,-0.041757,0.086748
81736,04/30/2009,RESMED INC,0.088002,0.109352
81736,05/29/2009,RESMED INC,-0.035891,0.067774
81736,06/30/2009,RESMED INC,0.098732,-0.003099
81736,07/31/2009,RESMED INC,0.006629,0.081752
81736,08/31/2009,RESMED INC,0.119756,0.031469
81736,09/30/2009,RESMED INC,-0.015465,0.045216
81736,10/30/2009,RESMED INC,0.088717,-0.027971
81736,11/30/2009,RESMED INC,0.021540,0.057117
81736,12/31/2009,RESMED INC,0.039785,0.028430
81736,01/29/2010,RESMED INC,-0.021619,-0.037098
81736,02/26/2010,RESMED INC,0.116152,0.034786
81736,03/31/2010,RESMED INC,0.115102,0.063626
81736,04/30/2010,RESMED INC,0.075098,0.020063
81736,05/28/2010,RESMED INC,-0.080959,-0.079163
81736,06/30/2010,RESMED INC,-0.033074,-0.050745
81736,07/30/2010,RESMED INC,0.080250,0.070309
81736,08/31/2010,RESMED INC,-0.082357,-0.042844
81736,09/30/2010,RESMED INC,0.088587,0.091547
81736,10/29/2010,RESMED INC,-0.028650,0.038512
81736,11/30/2010,RESMED INC,0.002510,0.005125
81736,12/31/2010,RESMED INC,0.084194,0.067205
81736,01/31/2011,RESMED INC,-0.090935,0.019137
81736,02/28/2011,RESMED INC,0.003493,0.038175
81736,03/31/2011,RESMED INC,-0.050633,0.003353
81736,04/29/2011,RESMED INC,0.063000,0.028667
81736,05/31/2011,RESMED INC,0.009721,-0.014900
81736,06/30/2011,RESMED INC,-0.038820,-0.018388
81736,07/29/2011,RESMED INC,-0.021325,-0.022524
81736,08/31/2011,RESMED INC,0.022450,-0.057498
81736,09/30/2011,RESMED INC,-0.070391,-0.084862
81736,10/31/2011,RESMED INC,-0.017020,0.114030
81736,11/30/2011,RESMED INC,-0.079505,-0.006207
81736,12/30/2011,RESMED INC,-0.024952,0.003696
81736,01/31/2012,RESMED INC,0.142913,0.054095
81736,02/29/2012,RESMED INC,0.009301,0.041239
81736,03/30/2012,RESMED INC,0.054949,0.024004
81736,04/30/2012,RESMED INC,0.100291,-0.006806
81736,05/31/2012,RESMED INC,-0.089091,-0.065574
81736,06/29/2012,RESMED INC,0.007101,0.038189
81736,07/31/2012,RESMED INC,0.011538,0.010284
81736,08/31/2012,RESMED INC,0.190431,0.026278
81736,09/28/2012,RESMED INC,0.081714,0.026554
81736,10/31/2012,RESMED INC,-0.013096,-0.014104
81736,11/30/2012,RESMED INC,0.033050,0.006192
81736,12/31/2012,RESMED INC,0.011682,0.012529
81736,01/31/2013,RESMED INC,0.053644,0.054145
81736,02/28/2013,RESMED INC,0.019635,0.008340
81736,03/28/2013,RESMED INC,0.042032,0.035294
81736,04/30/2013,RESMED INC,0.035807,0.014947
81736,05/31/2013,RESMED INC,0.003124,0.019074
81736,06/28/2013,RESMED INC,-0.059792,-0.015036
81736,07/31/2013,RESMED INC,0.055839,0.052717
81736,08/30/2013,RESMED INC,-0.003358,-0.025727
81736,09/30/2013,RESMED INC,0.118120,0.037470
81736,10/31/2013,RESMED INC,-0.020447,0.039895
81736,11/29/2013,RESMED INC,-0.051797,0.024966
81736,12/31/2013,RESMED INC,-0.035444,0.026140
81736,01/31/2014,RESMED INC,-0.073704,-0.029987
81736,02/28/2014,RESMED INC,0.015134,0.046186
81736,03/31/2014,RESMED INC,0.015220,0.004501
81736,04/30/2014,RESMED INC,0.115462,0.001670
81736,05/30/2014,RESMED INC,0.009228,0.020223
81736,06/30/2014,RESMED INC,0.011386,0.027961
81736,07/31/2014,RESMED INC,0.021924,-0.020536
81736,08/29/2014,RESMED INC,0.030731,0.040206
81736,09/30/2014,RESMED INC,-0.071254,-0.025132
81736,10/31/2014,RESMED INC,0.059874,0.021198
81736,11/28/2014,RESMED INC,0.024129,0.021159
81736,12/31/2014,RESMED INC,0.053759,-0.003623
81736,01/30/2015,RESMED INC,0.114342,-0.027200
81736,02/27/2015,RESMED INC,0.034737,0.056017
81736,03/31/2015,RESMED INC,0.115289,-0.010454
81736,04/30/2015,RESMED INC,-0.109223,0.008716
81736,05/29/2015,RESMED INC,-0.075696,0.010344
81736,06/30/2015,RESMED INC,-0.041653,-0.019262
81736,07/31/2015,RESMED INC,0.028029,0.012113
81736,08/31/2015,RESMED INC,-0.098533,-0.060046
81736,09/30/2015,RESMED INC,-0.018868,-0.033769
81736,10/30/2015,RESMED INC,0.130495,0.074021
81736,11/30/2015,RESMED INC,0.039229,0.002448
81736,12/31/2015,RESMED INC,-0.098707,-0.022287
81736,01/29/2016,RESMED INC,0.056063,-0.057094
81736,02/29/2016,RESMED INC,0.008995,0.000685
81736,03/31/2016,RESMED INC,0.015990,0.070518
81736,04/29/2016,RESMED INC,-0.034936,0.011814
81736,05/31/2016,RESMED INC,0.063799,0.014316
81736,06/30/2016,RESMED INC,0.070606,0.003111
81736,07/29/2016,RESMED INC,0.089356,0.038775
81736,08/31/2016,RESMED INC,-0.027003,0.002789
81736,09/30/2016,RESMED INC,-0.028490,0.003017
81736,10/31/2016,RESMED INC,-0.077481,-0.021594
81736,11/30/2016,RESMED INC,0.034131,0.040491
81736,12/30/2016,RESMED INC,0.009271,0.018792
81736,01/31/2017,RESMED INC,0.088477,0.022190
81736,02/28/2017,RESMED INC,0.071365,0.032665
81736,03/31/2017,RESMED INC,-0.000833,0.002092
81736,04/28/2017,RESMED INC,-0.055301,0.009615
81736,05/31/2017,RESMED INC,0.050596,0.009335
81736,06/30/2017,RESMED INC,0.095218,0.009469
81736,07/31/2017,RESMED INC,-0.009631,0.020330
81736,08/31/2017,RESMED INC,0.010503,0.001589
81736,09/29/2017,RESMED INC,-0.007992,0.023734
81736,10/31/2017,RESMED INC,0.093815,0.019281
81736,11/30/2017,RESMED INC,0.018651,0.027309
81736,12/29/2017,RESMED INC,-0.008314,0.012173
81736,01/31/2018,RESMED INC,0.190105,0.050656
81736,02/28/2018,RESMED INC,-0.051295,-0.039465
81736,03/29/2018,RESMED INC,0.033589,-0.018433
81736,04/30/2018,RESMED INC,-0.038895,0.004769
81736,05/31/2018,RESMED INC,0.090025,0.026170
81736,06/29/2018,RESMED INC,0.007490,0.005334
81736,07/31/2018,RESMED INC,0.021240,0.031605
81736,08/31/2018,RESMED INC,0.056722,0.030221
81736,09/28/2018,RESMED INC,0.035275,0.000443
81736,10/31/2018,RESMED INC,-0.081672,-0.074031
81736,11/30/2018,RESMED INC,0.058912,0.018530
81736,12/31/2018,RESMED INC,0.018606,-0.089810
83534,01/31/2007,NEUROCRINE BIOSCIENCES INC,0.341651,0.019397
83534,02/28/2007,NEUROCRINE BIOSCIENCES INC,-0.097997,-0.013988
83534,03/30/2007,NEUROCRINE BIOSCIENCES INC,-0.008723,0.012950
83534,04/30/2007,NEUROCRINE BIOSCIENCES INC,0.018400,0.039815
83534,05/31/2007,NEUROCRINE BIOSCIENCES INC,-0.087196,0.038932
83534,06/29/2007,NEUROCRINE BIOSCIENCES INC,-0.033563,-0.014765
83534,07/31/2007,NEUROCRINE BIOSCIENCES INC,-0.094390,-0.031760
83534,08/31/2007,NEUROCRINE BIOSCIENCES INC,-0.019666,0.011630
83534,09/28/2007,NEUROCRINE BIOSCIENCES INC,0.003009,0.040842
83534,10/31/2007,NEUROCRINE BIOSCIENCES INC,-0.075000,0.025796
83534,11/30/2007,NEUROCRINE BIOSCIENCES INC,0.407568,-0.049327
83534,12/31/2007,NEUROCRINE BIOSCIENCES INC,-0.651306,-0.004423
83534,01/31/2008,NEUROCRINE BIOSCIENCES INC,0.187225,-0.062138
83534,02/29/2008,NEUROCRINE BIOSCIENCES INC,-0.070501,-0.021663
83534,03/31/2008,NEUROCRINE BIOSCIENCES INC,0.077844,-0.010421
83534,04/30/2008,NEUROCRINE BIOSCIENCES INC,0.005556,0.051060
83534,05/30/2008,NEUROCRINE BIOSCIENCES INC,-0.092081,0.023808
83534,06/30/2008,NEUROCRINE BIOSCIENCES INC,-0.150101,-0.078426
83534,07/31/2008,NEUROCRINE BIOSCIENCES INC,0.107399,-0.013341
83534,08/29/2008,NEUROCRINE BIOSCIENCES INC,0.114224,0.010566
83534,09/30/2008,NEUROCRINE BIOSCIENCES INC,-0.092843,-0.097980
83534,10/31/2008,NEUROCRINE BIOSCIENCES INC,-0.119403,-0.184648
83534,11/28/2008,NEUROCRINE BIOSCIENCES INC,-0.246973,-0.084615
83534,12/31/2008,NEUROCRINE BIOSCIENCES INC,0.028939,0.022154
83534,01/30/2009,NEUROCRINE BIOSCIENCES INC,0.037500,-0.077315
83534,02/27/2009,NEUROCRINE BIOSCIENCES INC,-0.012048,-0.100271
83534,03/31/2009,NEUROCRINE BIOSCIENCES INC,0.082317,0.086748
83534,04/30/2009,NEUROCRINE BIOSCIENCES INC,-0.070423,0.109352
83534,05/29/2009,NEUROCRINE BIOSCIENCES INC,-0.069697,0.067774
83534,06/30/2009,NEUROCRINE BIOSCIENCES INC,0.052117,-0.003099
83534,07/31/2009,NEUROCRINE BIOSCIENCES INC,-0.009288,0.081752
83534,08/31/2009,NEUROCRINE BIOSCIENCES INC,-0.062500,0.031469
83534,09/30/2009,NEUROCRINE BIOSCIENCES INC,0.016667,0.045216
83534,10/30/2009,NEUROCRINE BIOSCIENCES INC,-0.272131,-0.027971
83534,11/30/2009,NEUROCRINE BIOSCIENCES INC,-0.085586,0.057117
83534,12/31/2009,NEUROCRINE BIOSCIENCES INC,0.339902,0.028430
83534,01/29/2010,NEUROCRINE BIOSCIENCES INC,-0.136029,-0.037098
83534,02/26/2010,NEUROCRINE BIOSCIENCES INC,0.114894,0.034786
83534,03/31/2010,NEUROCRINE BIOSCIENCES INC,-0.026718,0.063626
83534,04/30/2010,NEUROCRINE BIOSCIENCES INC,0.258824,0.020063
83534,05/28/2010,NEUROCRINE BIOSCIENCES INC,0.246106,-0.079163
83534,06/30/2010,NEUROCRINE BIOSCIENCES INC,0.400000,-0.050745
83534,07/30/2010,NEUROCRINE BIOSCIENCES INC,0.014286,0.070309
83534,08/31/2010,NEUROCRINE BIOSCIENCES INC,-0.052817,-0.042844
83534,09/30/2010,NEUROCRINE BIOSCIENCES INC,0.126394,0.091547
83534,10/29/2010,NEUROCRINE BIOSCIENCES INC,0.343234,0.038512
83534,11/30/2010,NEUROCRINE BIOSCIENCES INC,-0.105651,0.005125
83534,12/31/2010,NEUROCRINE BIOSCIENCES INC,0.049451,0.067205
83534,01/31/2011,NEUROCRINE BIOSCIENCES INC,-0.034031,0.019137
83534,02/28/2011,NEUROCRINE BIOSCIENCES INC,-0.085366,0.038175
83534,03/31/2011,NEUROCRINE BIOSCIENCES INC,0.124444,0.003353
83534,04/29/2011,NEUROCRINE BIOSCIENCES INC,0.013175,0.028667
83534,05/31/2011,NEUROCRINE BIOSCIENCES INC,0.072822,-0.014900
83534,06/30/2011,NEUROCRINE BIOSCIENCES INC,-0.024242,-0.018388
83534,07/29/2011,NEUROCRINE BIOSCIENCES INC,-0.039752,-0.022524
83534,08/31/2011,NEUROCRINE BIOSCIENCES INC,-0.205692,-0.057498
83534,09/30/2011,NEUROCRINE BIOSCIENCES INC,-0.026059,-0.084862
83534,10/31/2011,NEUROCRINE BIOSCIENCES INC,0.046823,0.114030
83534,11/30/2011,NEUROCRINE BIOSCIENCES INC,0.044728,-0.006207
83534,12/30/2011,NEUROCRINE BIOSCIENCES INC,0.299694,0.003696
83534,01/31/2012,NEUROCRINE BIOSCIENCES INC,0.094118,0.054095
83534,02/29/2012,NEUROCRINE BIOSCIENCES INC,-0.153763,0.041239
83534,03/30/2012,NEUROCRINE BIOSCIENCES INC,0.012706,0.024004
83534,04/30/2012,NEUROCRINE BIOSCIENCES INC,-0.067754,-0.006806
83534,05/31/2012,NEUROCRINE BIOSCIENCES INC,-0.099596,-0.065574
83534,06/29/2012,NEUROCRINE BIOSCIENCES INC,0.180120,0.038189
83534,07/31/2012,NEUROCRINE BIOSCIENCES INC,-0.037365,0.010284
83534,08/31/2012,NEUROCRINE BIOSCIENCES INC,-0.028947,0.026278
83534,09/28/2012,NEUROCRINE BIOSCIENCES INC,0.081301,0.026554
83534,10/31/2012,NEUROCRINE BIOSCIENCES INC,-0.081454,-0.014104
83534,11/30/2012,NEUROCRINE BIOSCIENCES INC,0.020464,0.006192
83534,12/31/2012,NEUROCRINE BIOSCIENCES INC,0.000000,0.012529
83534,01/31/2013,NEUROCRINE BIOSCIENCES INC,0.211230,0.054145
83534,02/28/2013,NEUROCRINE BIOSCIENCES INC,0.167770,0.008340
83534,03/28/2013,NEUROCRINE BIOSCIENCES INC,0.148866,0.035294
83534,04/30/2013,NEUROCRINE BIOSCIENCES INC,-0.050596,0.014947
83534,05/31/2013,NEUROCRINE BIOSCIENCES INC,0.120451,0.019074
83534,06/28/2013,NEUROCRINE BIOSCIENCES INC,0.034803,-0.015036
83534,07/31/2013,NEUROCRINE BIOSCIENCES INC,0.045590,0.052717
83534,08/30/2013,NEUROCRINE BIOSCIENCES INC,0.041458,-0.025727
83534,09/30/2013,NEUROCRINE BIOSCIENCES INC,-0.223061,0.037470
83534,10/31/2013,NEUROCRINE BIOSCIENCES INC,-0.166961,0.039895
83534,11/29/2013,NEUROCRINE BIOSCIENCES INC,0.041357,0.024966
83534,12/31/2013,NEUROCRINE BIOSCIENCES INC,-0.048880,0.026140
83534,01/31/2014,NEUROCRINE BIOSCIENCES INC,0.829764,-0.029987
83534,02/28/2014,NEUROCRINE BIOSCIENCES INC,0.031597,0.046186
83534,03/31/2014,NEUROCRINE BIOSCIENCES INC,-0.086784,0.004501
83534,04/30/2014,NEUROCRINE BIOSCIENCES INC,-0.129193,0.001670
83534,05/30/2014,NEUROCRINE BIOSCIENCES INC,-0.009272,0.020223
83534,06/30/2014,NEUROCRINE BIOSCIENCES INC,0.068035,0.027961
83534,07/31/2014,NEUROCRINE BIOSCIENCES INC,-0.084597,-0.020536
83534,08/29/2014,NEUROCRINE BIOSCIENCES INC,0.201031,0.040206
83534,09/30/2014,NEUROCRINE BIOSCIENCES INC,-0.039240,-0.025132
83534,10/31/2014,NEUROCRINE BIOSCIENCES INC,0.181876,0.021198
83534,11/28/2014,NEUROCRINE BIOSCIENCES INC,0.076134,0.021159
83534,12/31/2014,NEUROCRINE BIOSCIENCES INC,0.120923,-0.003623
83534,01/30/2015,NEUROCRINE BIOSCIENCES INC,0.506714,-0.027200
83534,02/27/2015,NEUROCRINE BIOSCIENCES INC,0.160131,0.056017
83534,03/31/2015,NEUROCRINE BIOSCIENCES INC,0.016901,-0.010454
83534,04/30/2015,NEUROCRINE BIOSCIENCES INC,-0.141526,0.008716
83534,05/29/2015,NEUROCRINE BIOSCIENCES INC,0.286594,0.010344
83534,06/30/2015,NEUROCRINE BIOSCIENCES INC,0.088919,-0.019262
83534,07/31/2015,NEUROCRINE BIOSCIENCES INC,0.049414,0.012113
83534,08/31/2015,NEUROCRINE BIOSCIENCES INC,-0.074621,-0.060046
83534,09/30/2015,NEUROCRINE BIOSCIENCES INC,-0.142087,-0.033769
83534,10/30/2015,NEUROCRINE BIOSCIENCES INC,0.233727,0.074021
83534,11/30/2015,NEUROCRINE BIOSCIENCES INC,0.107558,0.002448
83534,12/31/2015,NEUROCRINE BIOSCIENCES INC,0.040464,-0.022287
83534,01/29/2016,NEUROCRINE BIOSCIENCES INC,-0.247835,-0.057094
83534,02/29/2016,NEUROCRINE BIOSCIENCES INC,-0.135605,0.000685
83534,03/31/2016,NEUROCRINE BIOSCIENCES INC,0.075313,0.070518
83534,04/29/2016,NEUROCRINE BIOSCIENCES INC,0.152465,0.011814
83534,05/31/2016,NEUROCRINE BIOSCIENCES INC,0.089294,0.014316
83534,06/30/2016,NEUROCRINE BIOSCIENCES INC,-0.084592,0.003111
83534,07/29/2016,NEUROCRINE BIOSCIENCES INC,0.105170,0.038775
83534,08/31/2016,NEUROCRINE BIOSCIENCES INC,-0.035238,0.002789
83534,09/30/2016,NEUROCRINE BIOSCIENCES INC,0.044986,0.003017
83534,10/31/2016,NEUROCRINE BIOSCIENCES INC,-0.135663,-0.021594
83534,11/30/2016,NEUROCRINE BIOSCIENCES INC,0.061229,0.040491
83534,12/30/2016,NEUROCRINE BIOSCIENCES INC,-0.166846,0.018792
83534,01/31/2017,NEUROCRINE BIOSCIENCES INC,0.108786,0.022190
83534,02/28/2017,NEUROCRINE BIOSCIENCES INC,0.029131,0.032665
83534,03/31/2017,NEUROCRINE BIOSCIENCES INC,-0.019475,0.002092
83534,04/28/2017,NEUROCRINE BIOSCIENCES INC,0.233256,0.009615
83534,05/31/2017,NEUROCRINE BIOSCIENCES INC,-0.185955,0.009335
83534,06/30/2017,NEUROCRINE BIOSCIENCES INC,0.058201,0.009469
83534,07/31/2017,NEUROCRINE BIOSCIENCES INC,0.044130,0.020330
83534,08/31/2017,NEUROCRINE BIOSCIENCES INC,0.178430,0.001589
83534,09/29/2017,NEUROCRINE BIOSCIENCES INC,0.082686,0.023734
83534,10/31/2017,NEUROCRINE BIOSCIENCES INC,0.013544,0.019281
83534,11/30/2017,NEUROCRINE BIOSCIENCES INC,0.157463,0.027309
83534,12/29/2017,NEUROCRINE BIOSCIENCES INC,0.079288,0.012173
83534,01/31/2018,NEUROCRINE BIOSCIENCES INC,0.101560,0.050656
83534,02/28/2018,NEUROCRINE BIOSCIENCES INC,-0.012168,-0.039465
83534,03/29/2018,NEUROCRINE BIOSCIENCES INC,-0.017766,-0.018433
83534,04/30/2018,NEUROCRINE BIOSCIENCES INC,-0.022308,0.004769
83534,05/31/2018,NEUROCRINE BIOSCIENCES INC,0.187222,0.026170
83534,06/29/2018,NEUROCRINE BIOSCIENCES INC,0.020569,0.005334
83534,07/31/2018,NEUROCRINE BIOSCIENCES INC,0.022903,0.031605
83534,08/31/2018,NEUROCRINE BIOSCIENCES INC,0.223505,0.030221
83534,09/28/2018,NEUROCRINE BIOSCIENCES INC,0.000000,0.000443
83534,10/31/2018,NEUROCRINE BIOSCIENCES INC,-0.128507,-0.074031
83534,11/30/2018,NEUROCRINE BIOSCIENCES INC,-0.176202,0.018530
83534,12/31/2018,NEUROCRINE BIOSCIENCES INC,-0.191005,-0.089810
86136,01/31/2007,SEMPRA ENERGY,0.023911,0.019397
86136,02/28/2007,SEMPRA ENERGY,0.046532,-0.013988
86136,03/30/2007,SEMPRA ENERGY,0.021149,0.012950
86136,04/30/2007,SEMPRA ENERGY,0.040485,0.039815
86136,05/31/2007,SEMPRA ENERGY,-0.034026,0.038932
86136,06/29/2007,SEMPRA ENERGY,-0.029028,-0.014765
86136,07/31/2007,SEMPRA ENERGY,-0.109910,-0.031760
86136,08/31/2007,SEMPRA ENERGY,0.043816,0.011630
86136,09/28/2007,SEMPRA ENERGY,0.061784,0.040842
86136,10/31/2007,SEMPRA ENERGY,0.058328,0.025796
86136,11/30/2007,SEMPRA ENERGY,0.018046,-0.049327
86136,12/31/2007,SEMPRA ENERGY,-0.006867,-0.004423
86136,01/31/2008,SEMPRA ENERGY,-0.096639,-0.062138
86136,02/29/2008,SEMPRA ENERGY,-0.049553,-0.021663
86136,03/31/2008,SEMPRA ENERGY,0.008846,-0.010421
86136,04/30/2008,SEMPRA ENERGY,0.063626,0.051060
86136,05/30/2008,SEMPRA ENERGY,0.020117,0.023808
86136,06/30/2008,SEMPRA ENERGY,-0.017471,-0.078426
86136,07/31/2008,SEMPRA ENERGY,-0.005137,-0.013341
86136,08/29/2008,SEMPRA ENERGY,0.031339,0.010566
86136,09/30/2008,SEMPRA ENERGY,-0.122583,-0.097980
86136,10/31/2008,SEMPRA ENERGY,-0.155736,-0.184648
86136,11/28/2008,SEMPRA ENERGY,0.095283,-0.084615
86136,12/31/2008,SEMPRA ENERGY,-0.079066,0.022154
86136,01/30/2009,SEMPRA ENERGY,0.028384,-0.077315
86136,02/27/2009,SEMPRA ENERGY,-0.051779,-0.100271
86136,03/31/2009,SEMPRA ENERGY,0.121722,0.086748
86136,04/30/2009,SEMPRA ENERGY,-0.004758,0.109352
86136,05/29/2009,SEMPRA ENERGY,-0.007388,0.067774
86136,06/30/2009,SEMPRA ENERGY,0.095009,-0.003099
86136,07/31/2009,SEMPRA ENERGY,0.056417,0.081752
86136,08/31/2009,SEMPRA ENERGY,-0.043105,0.031469
86136,09/30/2009,SEMPRA ENERGY,0.000598,0.045216
86136,10/30/2009,SEMPRA ENERGY,0.032925,-0.027971
86136,11/30/2009,SEMPRA ENERGY,0.032847,0.057117
86136,12/31/2009,SEMPRA ENERGY,0.060783,0.028430
86136,01/29/2010,SEMPRA ENERGY,-0.093426,-0.037098
86136,02/26/2010,SEMPRA ENERGY,-0.031133,0.034786
86136,03/31/2010,SEMPRA ENERGY,0.022778,0.063626
86136,04/30/2010,SEMPRA ENERGY,-0.014429,0.020063
86136,05/28/2010,SEMPRA ENERGY,-0.064660,-0.079163
86136,06/30/2010,SEMPRA ENERGY,0.025652,-0.050745
86136,07/30/2010,SEMPRA ENERGY,0.063261,0.070309
86136,08/31/2010,SEMPRA ENERGY,0.023518,-0.042844
86136,09/30/2010,SEMPRA ENERGY,0.064218,0.091547
86136,10/29/2010,SEMPRA ENERGY,-0.005948,0.038512
86136,11/30/2010,SEMPRA ENERGY,-0.063388,0.005125
86136,12/31/2010,SEMPRA ENERGY,0.055500,0.067205
86136,01/31/2011,SEMPRA ENERGY,-0.007812,0.019137
86136,02/28/2011,SEMPRA ENERGY,0.022278,0.038175
86136,03/31/2011,SEMPRA ENERGY,0.014090,0.003353
86136,04/29/2011,SEMPRA ENERGY,0.029907,0.028667
86136,05/31/2011,SEMPRA ENERGY,0.001270,-0.014900
86136,06/30/2011,SEMPRA ENERGY,-0.032808,-0.018388
86136,07/29/2011,SEMPRA ENERGY,-0.041415,-0.022524
86136,08/31/2011,SEMPRA ENERGY,0.036102,-0.057498
86136,09/30/2011,SEMPRA ENERGY,-0.010282,-0.084862
86136,10/31/2011,SEMPRA ENERGY,0.043301,0.114030
86136,11/30/2011,SEMPRA ENERGY,-0.010050,-0.006207
86136,12/30/2011,SEMPRA ENERGY,0.043053,0.003696
86136,01/31/2012,SEMPRA ENERGY,0.034545,0.054095
86136,02/29/2012,SEMPRA ENERGY,0.041125,0.041239
86136,03/30/2012,SEMPRA ENERGY,0.022282,0.024004
86136,04/30/2012,SEMPRA ENERGY,0.079720,-0.006806
86136,05/31/2012,SEMPRA ENERGY,0.004171,-0.065574
86136,06/29/2012,SEMPRA ENERGY,0.068759,0.038189
86136,07/31/2012,SEMPRA ENERGY,0.022213,0.010284
86136,08/31/2012,SEMPRA ENERGY,-0.059793,0.026278
86136,09/28/2012,SEMPRA ENERGY,-0.016767,0.026554
86136,10/31/2012,SEMPRA ENERGY,0.081563,-0.014104
86136,11/30/2012,SEMPRA ENERGY,-0.019068,0.006192
86136,12/31/2012,SEMPRA ENERGY,0.045601,0.012529
86136,01/31/2013,SEMPRA ENERGY,0.057936,0.054145
86136,02/28/2013,SEMPRA ENERGY,0.036109,0.008340
86136,03/28/2013,SEMPRA ENERGY,0.036137,0.035294
86136,04/30/2013,SEMPRA ENERGY,0.036402,0.014947
86136,05/31/2013,SEMPRA ENERGY,-0.018708,0.019074
86136,06/28/2013,SEMPRA ENERGY,0.013407,-0.015036
86136,07/31/2013,SEMPRA ENERGY,0.071795,0.052717
86136,08/30/2013,SEMPRA ENERGY,-0.036631,-0.025727
86136,09/30/2013,SEMPRA ENERGY,0.021440,0.037470
86136,10/31/2013,SEMPRA ENERGY,0.064720,0.039895
86136,11/29/2013,SEMPRA ENERGY,-0.029625,0.024966
86136,12/31/2013,SEMPRA ENERGY,0.022049,0.026140
86136,01/31/2014,SEMPRA ENERGY,0.032865,-0.029987
86136,02/28/2014,SEMPRA ENERGY,0.018984,0.046186
86136,03/31/2014,SEMPRA ENERGY,0.031227,0.004501
86136,04/30/2014,SEMPRA ENERGY,0.019119,0.001670
86136,05/30/2014,SEMPRA ENERGY,0.017645,0.020223
86136,06/30/2014,SEMPRA ENERGY,0.050025,0.027961
86136,07/31/2014,SEMPRA ENERGY,-0.047751,-0.020536
86136,08/29/2014,SEMPRA ENERGY,0.062782,0.040206
86136,09/30/2014,SEMPRA ENERGY,0.000661,-0.025132
86136,10/31/2014,SEMPRA ENERGY,0.043841,0.021198
86136,11/28/2014,SEMPRA ENERGY,0.015727,0.021159
86136,12/31/2014,SEMPRA ENERGY,0.002596,-0.003623
86136,01/30/2015,SEMPRA ENERGY,0.005029,-0.027200
86136,02/27/2015,SEMPRA ENERGY,-0.026984,0.056017
86136,03/31/2015,SEMPRA ENERGY,0.014048,-0.010454
86136,04/30/2015,SEMPRA ENERGY,-0.026142,0.008716
86136,05/29/2015,SEMPRA ENERGY,0.012245,0.010344
86136,06/30/2015,SEMPRA ENERGY,-0.072858,-0.019262
86136,07/31/2015,SEMPRA ENERGY,0.028704,0.012113
86136,08/31/2015,SEMPRA ENERGY,-0.068088,-0.060046
86136,09/30/2015,SEMPRA ENERGY,0.027095,-0.033769
86136,10/30/2015,SEMPRA ENERGY,0.058830,0.074021
86136,11/30/2015,SEMPRA ENERGY,-0.031052,0.002448
86136,12/31/2015,SEMPRA ENERGY,-0.045551,-0.022287
86136,01/29/2016,SEMPRA ENERGY,0.007871,-0.057094
86136,02/29/2016,SEMPRA ENERGY,0.018575,0.000685
86136,03/31/2016,SEMPRA ENERGY,0.085950,0.070518
86136,04/29/2016,SEMPRA ENERGY,-0.006728,0.011814
86136,05/31/2016,SEMPRA ENERGY,0.036478,0.014316
86136,06/30/2016,SEMPRA ENERGY,0.071462,0.003111
86136,07/29/2016,SEMPRA ENERGY,-0.018769,0.038775
86136,08/31/2016,SEMPRA ENERGY,-0.064802,0.002789
86136,09/30/2016,SEMPRA ENERGY,0.031683,0.003017
86136,10/31/2016,SEMPRA ENERGY,-0.000840,-0.021594
86136,11/30/2016,SEMPRA ENERGY,-0.068161,0.040491
86136,12/30/2016,SEMPRA ENERGY,0.019739,0.018792
86136,01/31/2017,SEMPRA ENERGY,0.017389,0.022190
86136,02/28/2017,SEMPRA ENERGY,0.077156,0.032665
86136,03/31/2017,SEMPRA ENERGY,0.009362,0.002092
86136,04/28/2017,SEMPRA ENERGY,0.022805,0.009615
86136,05/31/2017,SEMPRA ENERGY,0.030703,0.009335
86136,06/30/2017,SEMPRA ENERGY,-0.032106,0.009469
86136,07/31/2017,SEMPRA ENERGY,0.009601,0.020330
86136,08/31/2017,SEMPRA ENERGY,0.043536,0.001589
86136,09/29/2017,SEMPRA ENERGY,-0.025248,0.023734
86136,10/31/2017,SEMPRA ENERGY,0.029528,0.019281
86136,11/30/2017,SEMPRA ENERGY,0.029702,0.027309
86136,12/29/2017,SEMPRA ENERGY,-0.109493,0.012173
86136,01/31/2018,SEMPRA ENERGY,0.000935,0.050656
86136,02/28/2018,SEMPRA ENERGY,0.018314,-0.039465
86136,03/29/2018,SEMPRA ENERGY,0.028767,-0.018433
86136,04/30/2018,SEMPRA ENERGY,0.005215,0.004769
86136,05/31/2018,SEMPRA ENERGY,-0.047138,0.026170
86136,06/29/2018,SEMPRA ENERGY,0.098329,0.005334
86136,07/31/2018,SEMPRA ENERGY,-0.004479,0.031605
86136,08/31/2018,SEMPRA ENERGY,0.004239,0.030221
86136,09/28/2018,SEMPRA ENERGY,-0.012362,0.000443
86136,10/31/2018,SEMPRA ENERGY,-0.031912,-0.074031
86136,11/30/2018,SEMPRA ENERGY,0.046313,0.018530
86136,12/31/2018,SEMPRA ENERGY,-0.053246,-0.089810
88446,01/31/2007,ILLUMINA INC,0.039176,0.019397
88446,02/28/2007,ILLUMINA INC,-0.177723,-0.013988
88446,03/30/2007,ILLUMINA INC,-0.127717,0.012950
88446,04/30/2007,ILLUMINA INC,0.113652,0.039815
88446,05/31/2007,ILLUMINA INC,0.000000,0.038932
88446,06/29/2007,ILLUMINA INC,0.243947,-0.014765
88446,07/31/2007,ILLUMINA INC,0.122690,-0.031760
88446,08/31/2007,ILLUMINA INC,0.059688,0.011630
88446,09/28/2007,ILLUMINA INC,0.074343,0.040842
88446,10/31/2007,ILLUMINA INC,0.082305,0.025796
88446,11/30/2007,ILLUMINA INC,0.029207,-0.049327
88446,12/31/2007,ILLUMINA INC,0.025437,-0.004423
88446,01/31/2008,ILLUMINA INC,0.074924,-0.062138
88446,02/29/2008,ILLUMINA INC,0.136735,-0.021663
88446,03/31/2008,ILLUMINA INC,0.048198,-0.010421
88446,04/30/2008,ILLUMINA INC,0.026219,0.051060
88446,05/30/2008,ILLUMINA INC,0.007575,0.023808
88446,06/30/2008,ILLUMINA INC,0.109964,-0.078426
88446,07/31/2008,ILLUMINA INC,0.070371,-0.013341
88446,08/29/2008,ILLUMINA INC,-0.076255,0.010566
88446,09/30/2008,ILLUMINA INC,-0.058865,-0.097980
88446,10/31/2008,ILLUMINA INC,-0.239329,-0.184648
88446,11/28/2008,ILLUMINA INC,-0.286085,-0.084615
88446,12/31/2008,ILLUMINA INC,0.183553,0.022154
88446,01/30/2009,ILLUMINA INC,0.050288,-0.077315
88446,02/27/2009,ILLUMINA INC,0.145102,-0.100271
88446,03/31/2009,ILLUMINA INC,0.188637,0.086748
88446,04/30/2009,ILLUMINA INC,0.002954,0.109352
88446,05/29/2009,ILLUMINA INC,-0.017135,0.067774
88446,06/30/2009,ILLUMINA INC,0.060746,-0.003099
88446,07/31/2009,ILLUMINA INC,-0.071905,0.081752
88446,08/31/2009,ILLUMINA INC,-0.024073,0.031469
88446,09/30/2009,ILLUMINA INC,0.204990,0.045216
88446,10/30/2009,ILLUMINA INC,-0.244706,-0.027971
88446,11/30/2009,ILLUMINA INC,-0.099065,0.057117
88446,12/31/2009,ILLUMINA INC,0.060858,0.028430
88446,01/29/2010,ILLUMINA INC,0.195893,-0.037098
88446,02/26/2010,ILLUMINA INC,-0.010084,0.034786
88446,03/31/2010,ILLUMINA INC,0.071035,0.063626
88446,04/30/2010,ILLUMINA INC,0.075321,0.020063
88446,05/28/2010,ILLUMINA INC,0.005020,-0.079163
88446,06/30/2010,ILLUMINA INC,0.035442,-0.050745
88446,07/30/2010,ILLUMINA INC,0.029865,0.070309
88446,08/31/2010,ILLUMINA INC,-0.043275,-0.042844
88446,09/30/2010,ILLUMINA INC,0.147121,0.091547
88446,10/29/2010,ILLUMINA INC,0.103862,0.038512
88446,11/30/2010,ILLUMINA INC,0.106978,0.005125
88446,12/31/2010,ILLUMINA INC,0.053560,0.067205
88446,01/31/2011,ILLUMINA INC,0.094727,0.019137
88446,02/28/2011,ILLUMINA INC,0.000865,0.038175
88446,03/31/2011,ILLUMINA INC,0.009654,0.003353
88446,04/29/2011,ILLUMINA INC,0.012987,0.028667
88446,05/31/2011,ILLUMINA INC,0.015497,-0.014900
88446,06/30/2011,ILLUMINA INC,0.042592,-0.018388
88446,07/29/2011,ILLUMINA INC,-0.168995,-0.022524
88446,08/31/2011,ILLUMINA INC,-0.165733,-0.057498
88446,09/30/2011,ILLUMINA INC,-0.214587,-0.084862
88446,10/31/2011,ILLUMINA INC,-0.251711,0.114030
88446,11/30/2011,ILLUMINA INC,-0.091444,-0.006207
88446,12/30/2011,ILLUMINA INC,0.095615,0.003696
88446,01/31/2012,ILLUMINA INC,0.701444,0.054095
88446,02/29/2012,ILLUMINA INC,-0.011762,0.041239
88446,03/30/2012,ILLUMINA INC,0.026537,0.024004
88446,04/30/2012,ILLUMINA INC,-0.153583,-0.006806
88446,05/31/2012,ILLUMINA INC,-0.033011,-0.065574
88446,06/29/2012,ILLUMINA INC,-0.062007,0.038189
88446,07/31/2012,ILLUMINA INC,0.026739,0.010284
88446,08/31/2012,ILLUMINA INC,0.014709,0.026278
88446,09/28/2012,ILLUMINA INC,0.145200,0.026554
88446,10/31/2012,ILLUMINA INC,-0.014318,-0.014104
88446,11/30/2012,ILLUMINA INC,0.130737,0.006192
88446,12/31/2012,ILLUMINA INC,0.035003,0.012529
88446,01/31/2013,ILLUMINA INC,-0.089225,0.054145
88446,02/28/2013,ILLUMINA INC,-0.009876,0.008340
88446,03/28/2013,ILLUMINA INC,0.076800,0.035294
88446,04/30/2013,ILLUMINA INC,0.198407,0.014947
88446,05/31/2013,ILLUMINA INC,0.087030,0.019074
88446,06/28/2013,ILLUMINA INC,0.064278,-0.015036
88446,07/31/2013,ILLUMINA INC,0.066542,0.052717
88446,08/30/2013,ILLUMINA INC,-0.024806,-0.025727
88446,09/30/2013,ILLUMINA INC,0.038412,0.037470
88446,10/31/2013,ILLUMINA INC,0.156872,0.039895
88446,11/29/2013,ILLUMINA INC,0.048016,0.024966
88446,12/31/2013,ILLUMINA INC,0.128469,0.026140
88446,01/31/2014,ILLUMINA INC,0.374446,-0.029987
88446,02/28/2014,ILLUMINA INC,0.128224,0.046186
88446,03/31/2014,ILLUMINA INC,-0.133127,0.004501
88446,04/30/2014,ILLUMINA INC,-0.086170,0.001670
88446,05/30/2014,ILLUMINA INC,0.164888,0.020223
88446,06/30/2014,ILLUMINA INC,0.128215,0.027961
88446,07/31/2014,ILLUMINA INC,-0.104346,-0.020536
88446,08/29/2014,ILLUMINA INC,0.121631,0.040206
88446,09/30/2014,ILLUMINA INC,-0.086084,-0.025132
88446,10/31/2014,ILLUMINA INC,0.174841,0.021198
88446,11/28/2014,ILLUMINA INC,-0.008776,0.021159
88446,12/31/2014,ILLUMINA INC,-0.033056,-0.003623
88446,01/30/2015,ILLUMINA INC,0.057482,-0.027200
88446,02/27/2015,ILLUMINA INC,0.001383,0.056017
88446,03/31/2015,ILLUMINA INC,-0.050240,-0.010454
88446,04/30/2015,ILLUMINA INC,-0.007488,0.008716
88446,05/29/2015,ILLUMINA INC,0.118480,0.010344
88446,06/30/2015,ILLUMINA INC,0.059589,-0.019262
88446,07/31/2015,ILLUMINA INC,0.004305,0.012113
88446,08/31/2015,ILLUMINA INC,-0.098906,-0.060046
88446,09/30/2015,ILLUMINA INC,-0.110268,-0.033769
88446,10/30/2015,ILLUMINA INC,-0.185076,0.074021
88446,11/30/2015,ILLUMINA INC,0.283501,0.002448
88446,12/31/2015,ILLUMINA INC,0.043747,-0.022287
88446,01/29/2016,ILLUMINA INC,-0.177108,-0.057094
88446,02/29/2016,ILLUMINA INC,-0.048813,0.000685
88446,03/31/2016,ILLUMINA INC,0.079007,0.070518
88446,04/29/2016,ILLUMINA INC,-0.167294,0.011814
88446,05/31/2016,ILLUMINA INC,0.072894,0.014316
88446,06/30/2016,ILLUMINA INC,-0.030726,0.003111
88446,07/29/2016,ILLUMINA INC,0.184998,0.038775
88446,08/31/2016,ILLUMINA INC,0.011963,0.002789
88446,09/30/2016,ILLUMINA INC,0.079126,0.003017
88446,10/31/2016,ILLUMINA INC,-0.250578,-0.021594
88446,11/30/2016,ILLUMINA INC,-0.022036,0.040491
88446,12/30/2016,ILLUMINA INC,-0.038306,0.018792
88446,01/31/2017,ILLUMINA INC,0.250391,0.022190
88446,02/28/2017,ILLUMINA INC,0.045596,0.032665
88446,03/31/2017,ILLUMINA INC,0.019355,0.002092
88446,04/28/2017,ILLUMINA INC,0.083333,0.009615
88446,05/31/2017,ILLUMINA INC,-0.040571,0.009335
88446,06/30/2017,ILLUMINA INC,-0.021651,0.009469
88446,07/31/2017,ILLUMINA INC,0.001902,0.020330
88446,08/31/2017,ILLUMINA INC,0.176071,0.001589
88446,09/29/2017,ILLUMINA INC,-0.025726,0.023734
88446,10/31/2017,ILLUMINA INC,0.030070,0.019281
88446,11/30/2017,ILLUMINA INC,0.121059,0.027309
88446,12/29/2017,ILLUMINA INC,-0.050167,0.012173
88446,01/31/2018,ILLUMINA INC,0.064763,0.050656
88446,02/28/2018,ILLUMINA INC,-0.019859,-0.039465
88446,03/29/2018,ILLUMINA INC,0.036839,-0.018433
88446,04/30/2018,ILLUMINA INC,0.019076,0.004769
88446,05/31/2018,ILLUMINA INC,0.130785,0.026170
88446,06/29/2018,ILLUMINA INC,0.025143,0.005334
88446,07/31/2018,ILLUMINA INC,0.161373,0.031605
88446,08/31/2018,ILLUMINA INC,0.093939,0.030221
88446,09/28/2018,ILLUMINA INC,0.034467,0.000443
88446,10/31/2018,ILLUMINA INC,-0.152318,-0.074031
88446,11/30/2018,ILLUMINA INC,0.084686,0.018530
88446,12/31/2018,ILLUMINA INC,-0.111319,-0.089810
90177,01/31/2007,ACADIA PHARMACEUTICALS,-0.186576,0.019397
90177,02/28/2007,ACADIA PHARMACEUTICALS,-0.026573,-0.013988
90177,03/30/2007,ACADIA PHARMACEUTICALS,1.158046,0.012950
90177,04/30/2007,ACADIA PHARMACEUTICALS,-0.090546,0.039815
90177,05/31/2007,ACADIA PHARMACEUTICALS,-0.063690,0.038932
90177,06/29/2007,ACADIA PHARMACEUTICALS,0.068804,-0.014765
90177,07/31/2007,ACADIA PHARMACEUTICALS,0.027067,-0.031760
90177,08/31/2007,ACADIA PHARMACEUTICALS,0.024929,0.011630
90177,09/28/2007,ACADIA PHARMACEUTICALS,0.045865,0.040842
90177,10/31/2007,ACADIA PHARMACEUTICALS,0.021927,0.025796
90177,11/30/2007,ACADIA PHARMACEUTICALS,-0.262679,-0.049327
90177,12/31/2007,ACADIA PHARMACEUTICALS,-0.023810,-0.004423
90177,01/31/2008,ACADIA PHARMACEUTICALS,0.071364,-0.062138
90177,02/29/2008,ACADIA PHARMACEUTICALS,-0.163575,-0.021663
90177,03/31/2008,ACADIA PHARMACEUTICALS,-0.086694,-0.010421
90177,04/30/2008,ACADIA PHARMACEUTICALS,-0.116998,0.051060
90177,05/30/2008,ACADIA PHARMACEUTICALS,0.100000,0.023808
90177,06/30/2008,ACADIA PHARMACEUTICALS,-0.580682,-0.078426
90177,07/31/2008,ACADIA PHARMACEUTICALS,-0.192412,-0.013341
90177,08/29/2008,ACADIA PHARMACEUTICALS,-0.144295,0.010566
90177,09/30/2008,ACADIA PHARMACEUTICALS,0.050980,-0.097980
90177,10/31/2008,ACADIA PHARMACEUTICALS,-0.291045,-0.184648
90177,11/28/2008,ACADIA PHARMACEUTICALS,-0.326316,-0.084615
90177,12/31/2008,ACADIA PHARMACEUTICALS,-0.296875,0.022154
90177,01/30/2009,ACADIA PHARMACEUTICALS,0.122222,-0.077315
90177,02/27/2009,ACADIA PHARMACEUTICALS,-0.178218,-0.100271
90177,03/31/2009,ACADIA PHARMACEUTICALS,0.144578,0.086748
90177,04/30/2009,ACADIA PHARMACEUTICALS,0.042105,0.109352
90177,05/29/2009,ACADIA PHARMACEUTICALS,0.979798,0.067774
90177,06/30/2009,ACADIA PHARMACEUTICALS,0.117347,-0.003099
90177,07/31/2009,ACADIA PHARMACEUTICALS,0.858447,0.081752
90177,08/31/2009,ACADIA PHARMACEUTICALS,0.434889,0.031469
90177,09/30/2009,ACADIA PHARMACEUTICALS,-0.707192,0.045216
90177,10/30/2009,ACADIA PHARMACEUTICALS,-0.239766,-0.027971
90177,11/30/2009,ACADIA PHARMACEUTICALS,-0.053846,0.057117
90177,12/31/2009,ACADIA PHARMACEUTICALS,0.073171,0.028430
90177,01/29/2010,ACADIA PHARMACEUTICALS,-0.053030,-0.037098
90177,02/26/2010,ACADIA PHARMACEUTICALS,0.048000,0.034786
90177,03/31/2010,ACADIA PHARMACEUTICALS,0.152672,0.063626
90177,04/30/2010,ACADIA PHARMACEUTICALS,0.099338,0.020063
90177,05/28/2010,ACADIA PHARMACEUTICALS,-0.192771,-0.079163
90177,06/30/2010,ACADIA PHARMACEUTICALS,-0.186567,-0.050745
90177,07/30/2010,ACADIA PHARMACEUTICALS,0.119266,0.070309
90177,08/31/2010,ACADIA PHARMACEUTICALS,-0.172131,-0.042844
90177,09/30/2010,ACADIA PHARMACEUTICALS,-0.097822,0.091547
90177,10/29/2010,ACADIA PHARMACEUTICALS,-0.164838,0.038512
90177,11/30/2010,ACADIA PHARMACEUTICALS,-0.113798,0.005125
90177,12/31/2010,ACADIA PHARMACEUTICALS,0.779360,0.067205
90177,01/31/2011,ACADIA PHARMACEUTICALS,0.416667,0.019137
90177,02/28/2011,ACADIA PHARMACEUTICALS,-0.111765,0.038175
90177,03/31/2011,ACADIA PHARMACEUTICALS,0.072848,0.003353
90177,04/29/2011,ACADIA PHARMACEUTICALS,0.697531,0.028667
90177,05/31/2011,ACADIA PHARMACEUTICALS,-0.312727,-0.014900
90177,06/30/2011,ACADIA PHARMACEUTICALS,-0.137566,-0.018388
90177,07/29/2011,ACADIA PHARMACEUTICALS,0.000000,-0.022524
90177,08/31/2011,ACADIA PHARMACEUTICALS,-0.165644,-0.057498
90177,09/30/2011,ACADIA PHARMACEUTICALS,-0.205882,-0.084862
90177,10/31/2011,ACADIA PHARMACEUTICALS,0.138889,0.114030
90177,11/30/2011,ACADIA PHARMACEUTICALS,-0.203252,-0.006207
90177,12/30/2011,ACADIA PHARMACEUTICALS,0.102041,0.003696
90177,01/31/2012,ACADIA PHARMACEUTICALS,0.398148,0.054095
90177,02/29/2012,ACADIA PHARMACEUTICALS,0.105960,0.041239
90177,03/30/2012,ACADIA PHARMACEUTICALS,0.287425,0.024004
90177,04/30/2012,ACADIA PHARMACEUTICALS,-0.302326,-0.006806
90177,05/31/2012,ACADIA PHARMACEUTICALS,-0.080000,-0.065574
90177,06/29/2012,ACADIA PHARMACEUTICALS,0.275362,0.038189
90177,07/31/2012,ACADIA PHARMACEUTICALS,-0.085227,0.010284
90177,08/31/2012,ACADIA PHARMACEUTICALS,0.105590,0.026278
90177,09/28/2012,ACADIA PHARMACEUTICALS,0.421348,0.026554
90177,10/31/2012,ACADIA PHARMACEUTICALS,-0.071146,-0.014104
90177,11/30/2012,ACADIA PHARMACEUTICALS,1.212766,0.006192
90177,12/31/2012,ACADIA PHARMACEUTICALS,-0.105769,0.012529
90177,01/31/2013,ACADIA PHARMACEUTICALS,0.296774,0.054145
90177,02/28/2013,ACADIA PHARMACEUTICALS,0.006633,0.008340
90177,03/28/2013,ACADIA PHARMACEUTICALS,0.308072,0.035294
90177,04/30/2013,ACADIA PHARMACEUTICALS,0.623426,0.014947
90177,05/31/2013,ACADIA PHARMACEUTICALS,0.091544,0.019074
90177,06/28/2013,ACADIA PHARMACEUTICALS,0.289979,-0.015036
90177,07/31/2013,ACADIA PHARMACEUTICALS,0.085400,0.052717
90177,08/30/2013,ACADIA PHARMACEUTICALS,0.013198,-0.025727
90177,09/30/2013,ACADIA PHARMACEUTICALS,0.376253,0.037470
90177,10/31/2013,ACADIA PHARMACEUTICALS,-0.172734,0.039895
90177,11/29/2013,ACADIA PHARMACEUTICALS,0.024863,0.024966
90177,12/31/2013,ACADIA PHARMACEUTICALS,0.072993,0.026140
90177,01/31/2014,ACADIA PHARMACEUTICALS,-0.067627,-0.029987
90177,02/28/2014,ACADIA PHARMACEUTICALS,0.214592,0.046186
90177,03/31/2014,ACADIA PHARMACEUTICALS,-0.140283,0.004501
90177,04/30/2014,ACADIA PHARMACEUTICALS,-0.172626,0.001670
90177,05/30/2014,ACADIA PHARMACEUTICALS,0.025832,0.020223
90177,06/30/2014,ACADIA PHARMACEUTICALS,0.093947,0.027961
90177,07/31/2014,ACADIA PHARMACEUTICALS,-0.102700,-0.020536
90177,08/29/2014,ACADIA PHARMACEUTICALS,0.183029,0.040206
90177,09/30/2014,ACADIA PHARMACEUTICALS,0.032527,-0.025132
90177,10/31/2014,ACADIA PHARMACEUTICALS,0.118740,0.021198
90177,11/28/2014,ACADIA PHARMACEUTICALS,0.078339,0.021159
90177,12/31/2014,ACADIA PHARMACEUTICALS,0.062939,-0.003623
90177,01/30/2015,ACADIA PHARMACEUTICALS,-0.041575,-0.027200
90177,02/27/2015,ACADIA PHARMACEUTICALS,0.247782,0.056017
90177,03/31/2015,ACADIA PHARMACEUTICALS,-0.141691,-0.010454
90177,04/30/2015,ACADIA PHARMACEUTICALS,0.048481,0.008716
90177,05/29/2015,ACADIA PHARMACEUTICALS,0.205736,0.010344
90177,06/30/2015,ACADIA PHARMACEUTICALS,0.016505,-0.019262
90177,07/31/2015,ACADIA PHARMACEUTICALS,0.165473,0.012113
90177,08/31/2015,ACADIA PHARMACEUTICALS,-0.249539,-0.060046
90177,09/30/2015,ACADIA PHARMACEUTICALS,-0.097188,-0.033769
90177,10/30/2015,ACADIA PHARMACEUTICALS,0.052918,0.074021
90177,11/30/2015,ACADIA PHARMACEUTICALS,0.089891,0.002448
90177,12/31/2015,ACADIA PHARMACEUTICALS,-0.060606,-0.022287
90177,01/29/2016,ACADIA PHARMACEUTICALS,-0.419635,-0.057094
90177,02/29/2016,ACADIA PHARMACEUTICALS,-0.165781,0.000685
90177,03/31/2016,ACADIA PHARMACEUTICALS,0.619930,0.070518
90177,04/29/2016,ACADIA PHARMACEUTICALS,0.155222,0.011814
90177,05/31/2016,ACADIA PHARMACEUTICALS,0.096904,0.014316
90177,06/30/2016,ACADIA PHARMACEUTICALS,-0.083827,0.003111
90177,07/29/2016,ACADIA PHARMACEUTICALS,0.141097,0.038775
90177,08/31/2016,ACADIA PHARMACEUTICALS,-0.132559,0.002789
90177,09/30/2016,ACADIA PHARMACEUTICALS,-0.009960,0.003017
90177,10/31/2016,ACADIA PHARMACEUTICALS,-0.267212,-0.021594
90177,11/30/2016,ACADIA PHARMACEUTICALS,0.157872,0.040491
90177,12/30/2016,ACADIA PHARMACEUTICALS,0.068544,0.018792
90177,01/31/2017,ACADIA PHARMACEUTICALS,0.199376,0.022190
90177,02/28/2017,ACADIA PHARMACEUTICALS,0.101764,0.032665
90177,03/31/2017,ACADIA PHARMACEUTICALS,-0.097875,0.002092
90177,04/28/2017,ACADIA PHARMACEUTICALS,-0.001454,0.009615
90177,05/31/2017,ACADIA PHARMACEUTICALS,-0.251092,0.009335
90177,06/30/2017,ACADIA PHARMACEUTICALS,0.084792,0.009469
90177,07/31/2017,ACADIA PHARMACEUTICALS,0.067408,0.020330
90177,08/31/2017,ACADIA PHARMACEUTICALS,0.196171,0.001589
90177,09/29/2017,ACADIA PHARMACEUTICALS,0.057849,0.023734
90177,10/31/2017,ACADIA PHARMACEUTICALS,-0.075391,0.019281
90177,11/30/2017,ACADIA PHARMACEUTICALS,-0.131496,0.027309
90177,12/29/2017,ACADIA PHARMACEUTICALS,-0.004628,0.012173
90177,01/31/2018,ACADIA PHARMACEUTICALS,-0.006642,0.050656
90177,02/28/2018,ACADIA PHARMACEUTICALS,-0.167001,-0.039465
90177,03/29/2018,ACADIA PHARMACEUTICALS,-0.098134,-0.018433
90177,04/30/2018,ACADIA PHARMACEUTICALS,-0.296395,0.004769
90177,05/31/2018,ACADIA PHARMACEUTICALS,0.144845,0.026170
90177,06/29/2018,ACADIA PHARMACEUTICALS,-0.156354,0.005334
90177,07/31/2018,ACADIA PHARMACEUTICALS,-0.011788,0.031605
90177,08/31/2018,ACADIA PHARMACEUTICALS,-0.057654,0.030221
90177,09/28/2018,ACADIA PHARMACEUTICALS,0.459916,0.000443
90177,10/31/2018,ACADIA PHARMACEUTICALS,-0.061657,-0.074031
90177,11/30/2018,ACADIA PHARMACEUTICALS,-0.021561,0.018530
90177,12/31/2018,ACADIA PHARMACEUTICALS,-0.151626,-0.089810
90301,01/31/2007,BIOMED REALTY TRUST INC,0.043007,0.019397
90301,02/28/2007,BIOMED REALTY TRUST INC,-0.063024,-0.013988
90301,03/30/2007,BIOMED REALTY TRUST INC,-0.047943,0.012950
90301,04/30/2007,BIOMED REALTY TRUST INC,0.091635,0.039815
90301,05/31/2007,BIOMED REALTY TRUST INC,-0.022640,0.038932
90301,06/29/2007,BIOMED REALTY TRUST INC,-0.093728,-0.014765
90301,07/31/2007,BIOMED REALTY TRUST INC,-0.130573,-0.031760
90301,08/31/2007,BIOMED REALTY TRUST INC,0.116300,0.011630
90301,09/28/2007,BIOMED REALTY TRUST INC,0.001231,0.040842
90301,10/31/2007,BIOMED REALTY TRUST INC,-0.008714,0.025796
90301,11/30/2007,BIOMED REALTY TRUST INC,-0.054835,-0.049327
90301,12/31/2007,BIOMED REALTY TRUST INC,0.039858,-0.004423
90301,01/31/2008,BIOMED REALTY TRUST INC,-0.008200,-0.062138
90301,02/29/2008,BIOMED REALTY TRUST INC,-0.046127,-0.021663
90301,03/31/2008,BIOMED REALTY TRUST INC,0.105155,-0.010421
90301,04/30/2008,BIOMED REALTY TRUST INC,0.088321,0.051060
90301,05/30/2008,BIOMED REALTY TRUST INC,0.010769,0.023808
90301,06/30/2008,BIOMED REALTY TRUST INC,-0.053843,-0.078426
90301,07/31/2008,BIOMED REALTY TRUST INC,0.051773,-0.013341
90301,08/29/2008,BIOMED REALTY TRUST INC,0.037985,0.010566
90301,09/30/2008,BIOMED REALTY TRUST INC,0.000187,-0.097980
90301,10/31/2008,BIOMED REALTY TRUST INC,-0.468809,-0.184648
90301,11/28/2008,BIOMED REALTY TRUST INC,-0.336655,-0.084615
90301,12/31/2008,BIOMED REALTY TRUST INC,0.293455,0.022154
90301,01/30/2009,BIOMED REALTY TRUST INC,-0.058021,-0.077315
90301,02/27/2009,BIOMED REALTY TRUST INC,-0.227355,-0.100271
90301,03/31/2009,BIOMED REALTY TRUST INC,-0.167057,0.086748
90301,04/30/2009,BIOMED REALTY TRUST INC,0.685377,0.109352
90301,05/29/2009,BIOMED REALTY TRUST INC,-0.138475,0.067774
90301,06/30/2009,BIOMED REALTY TRUST INC,0.051882,-0.003099
90301,07/31/2009,BIOMED REALTY TRUST INC,0.141740,0.081752
90301,08/31/2009,BIOMED REALTY TRUST INC,0.154110,0.031469
90301,09/30/2009,BIOMED REALTY TRUST INC,0.031899,0.045216
90301,10/30/2009,BIOMED REALTY TRUST INC,-0.016667,-0.027971
90301,11/30/2009,BIOMED REALTY TRUST INC,0.008843,0.057117
90301,12/31/2009,BIOMED REALTY TRUST INC,0.162893,0.028430
90301,01/29/2010,BIOMED REALTY TRUST INC,-0.076679,-0.037098
90301,02/26/2010,BIOMED REALTY TRUST INC,0.060398,0.034786
90301,03/31/2010,BIOMED REALTY TRUST INC,0.079612,0.063626
90301,04/30/2010,BIOMED REALTY TRUST INC,0.119105,0.020063
90301,05/28/2010,BIOMED REALTY TRUST INC,-0.081037,-0.079163
90301,06/30/2010,BIOMED REALTY TRUST INC,-0.045267,-0.050745
90301,07/30/2010,BIOMED REALTY TRUST INC,0.121193,0.070309
90301,08/31/2010,BIOMED REALTY TRUST INC,-0.052661,-0.042844
90301,09/30/2010,BIOMED REALTY TRUST INC,0.058514,0.091547
90301,10/29/2010,BIOMED REALTY TRUST INC,0.023996,0.038512
90301,11/30/2010,BIOMED REALTY TRUST INC,-0.039237,0.005125
90301,12/31/2010,BIOMED REALTY TRUST INC,0.067499,0.067205
90301,01/31/2011,BIOMED REALTY TRUST INC,-0.042895,0.019137
90301,02/28/2011,BIOMED REALTY TRUST INC,0.016807,0.038175
90301,03/31/2011,BIOMED REALTY TRUST INC,0.058953,0.003353
90301,04/29/2011,BIOMED REALTY TRUST INC,0.043112,0.028667
90301,05/31/2011,BIOMED REALTY TRUST INC,0.032762,-0.014900
90301,06/30/2011,BIOMED REALTY TRUST INC,-0.051245,-0.018388
90301,07/29/2011,BIOMED REALTY TRUST INC,0.019751,-0.022524
90301,08/31/2011,BIOMED REALTY TRUST INC,-0.067788,-0.057498
90301,09/30/2011,BIOMED REALTY TRUST INC,-0.083106,-0.084862
90301,10/31/2011,BIOMED REALTY TRUST INC,0.092939,0.114030
90301,11/30/2011,BIOMED REALTY TRUST INC,-0.016565,-0.006207
90301,12/30/2011,BIOMED REALTY TRUST INC,0.026390,0.003696
90301,01/31/2012,BIOMED REALTY TRUST INC,0.027102,0.054095
90301,02/29/2012,BIOMED REALTY TRUST INC,-0.008078,0.041239
90301,03/30/2012,BIOMED REALTY TRUST INC,0.042074,0.024004
90301,04/30/2012,BIOMED REALTY TRUST INC,0.044257,-0.006806
90301,05/31/2012,BIOMED REALTY TRUST INC,-0.089304,-0.065574
90301,06/29/2012,BIOMED REALTY TRUST INC,0.046814,0.038189
90301,07/31/2012,BIOMED REALTY TRUST INC,0.006424,0.010284
90301,08/31/2012,BIOMED REALTY TRUST INC,-0.014362,0.026278
90301,09/28/2012,BIOMED REALTY TRUST INC,0.021856,0.026554
90301,10/31/2012,BIOMED REALTY TRUST INC,0.021368,-0.014104
90301,11/30/2012,BIOMED REALTY TRUST INC,0.007845,0.006192
90301,12/31/2012,BIOMED REALTY TRUST INC,0.015309,0.012529
90301,01/31/2013,BIOMED REALTY TRUST INC,0.052768,0.054145
90301,02/28/2013,BIOMED REALTY TRUST INC,0.037838,0.008340
90301,03/28/2013,BIOMED REALTY TRUST INC,0.033854,0.035294
90301,04/30/2013,BIOMED REALTY TRUST INC,0.042130,0.014947
90301,05/31/2013,BIOMED REALTY TRUST INC,-0.070191,0.019074
90301,06/28/2013,BIOMED REALTY TRUST INC,-0.022217,-0.015036
90301,07/31/2013,BIOMED REALTY TRUST INC,0.021256,0.052717
90301,08/30/2013,BIOMED REALTY TRUST INC,-0.108906,-0.025727
90301,09/30/2013,BIOMED REALTY TRUST INC,0.022542,0.037470
90301,10/31/2013,BIOMED REALTY TRUST INC,0.071544,0.039895
90301,11/29/2013,BIOMED REALTY TRUST INC,-0.067269,0.024966
90301,12/31/2013,BIOMED REALTY TRUST INC,-0.011302,0.026140
90301,01/31/2014,BIOMED REALTY TRUST INC,0.076711,-0.029987
90301,02/28/2014,BIOMED REALTY TRUST INC,0.059969,0.046186
90301,03/31/2014,BIOMED REALTY TRUST INC,0.002901,0.004501
90301,04/30/2014,BIOMED REALTY TRUST INC,0.020010,0.001670
90301,05/30/2014,BIOMED REALTY TRUST INC,0.038278,0.020223
90301,06/30/2014,BIOMED REALTY TRUST INC,0.017511,0.027961
90301,07/31/2014,BIOMED REALTY TRUST INC,-0.015117,-0.020536
90301,08/29/2014,BIOMED REALTY TRUST INC,0.044186,0.040206
90301,09/30/2014,BIOMED REALTY TRUST INC,-0.089087,-0.025132
90301,10/31/2014,BIOMED REALTY TRUST INC,0.075247,0.021198
90301,11/28/2014,BIOMED REALTY TRUST INC,-0.012431,0.021159
90301,12/31/2014,BIOMED REALTY TRUST INC,0.030303,-0.003623
90301,01/30/2015,BIOMED REALTY TRUST INC,0.135097,-0.027200
90301,02/27/2015,BIOMED REALTY TRUST INC,-0.090389,0.056017
90301,03/31/2015,BIOMED REALTY TRUST INC,0.030576,-0.010454
90301,04/30/2015,BIOMED REALTY TRUST INC,-0.084289,0.008716
90301,05/29/2015,BIOMED REALTY TRUST INC,-0.017349,0.010344
90301,06/30/2015,BIOMED REALTY TRUST INC,-0.038744,-0.019262
90301,07/31/2015,BIOMED REALTY TRUST INC,0.113754,0.012113
90301,08/31/2015,BIOMED REALTY TRUST INC,-0.141133,-0.060046
90301,09/30/2015,BIOMED REALTY TRUST INC,0.094054,-0.033769
90301,10/30/2015,BIOMED REALTY TRUST INC,0.171672,0.074021
90301,11/30/2015,BIOMED REALTY TRUST INC,0.002563,0.002448
90301,12/31/2015,BIOMED REALTY TRUST INC,0.009374,-0.022287
90301,01/29/2016,BIOMED REALTY TRUST INC,,-0.057094
90664,01/31/2007,DEXCOM INC,-0.097363,0.019397
90664,02/28/2007,DEXCOM INC,-0.091011,-0.013988
90664,03/30/2007,DEXCOM INC,-0.028430,0.012950
90664,04/30/2007,DEXCOM INC,0.013995,0.039815
90664,05/31/2007,DEXCOM INC,-0.176913,0.038932
90664,06/29/2007,DEXCOM INC,0.248476,-0.014765
90664,07/31/2007,DEXCOM INC,-0.019536,-0.031760
90664,08/31/2007,DEXCOM INC,0.145704,0.011630
90664,09/28/2007,DEXCOM INC,0.086957,0.040842
90664,10/31/2007,DEXCOM INC,-0.070000,0.025796
90664,11/30/2007,DEXCOM INC,-0.069893,-0.049327
90664,12/31/2007,DEXCOM INC,0.020809,-0.004423
90664,01/31/2008,DEXCOM INC,-0.047565,-0.062138
90664,02/29/2008,DEXCOM INC,-0.123662,-0.021663
90664,03/31/2008,DEXCOM INC,-0.438263,-0.010421
90664,04/30/2008,DEXCOM INC,0.859903,0.051060
90664,05/30/2008,DEXCOM INC,0.024675,0.023808
90664,06/30/2008,DEXCOM INC,-0.234474,-0.078426
90664,07/31/2008,DEXCOM INC,0.112583,-0.013341
90664,08/29/2008,DEXCOM INC,0.023810,0.010566
90664,09/30/2008,DEXCOM INC,-0.100291,-0.097980
90664,10/31/2008,DEXCOM INC,-0.269790,-0.184648
90664,11/28/2008,DEXCOM INC,-0.557522,-0.084615
90664,12/31/2008,DEXCOM INC,0.380000,0.022154
90664,01/30/2009,DEXCOM INC,0.170290,-0.077315
90664,02/27/2009,DEXCOM INC,0.253870,-0.100271
90664,03/31/2009,DEXCOM INC,0.022222,0.086748
90664,04/30/2009,DEXCOM INC,0.082126,0.109352
90664,05/29/2009,DEXCOM INC,0.241071,0.067774
90664,06/30/2009,DEXCOM INC,0.113309,-0.003099
90664,07/31/2009,DEXCOM INC,0.043619,0.081752
90664,08/31/2009,DEXCOM INC,0.208978,0.031469
90664,09/30/2009,DEXCOM INC,0.015365,0.045216
90664,10/30/2009,DEXCOM INC,-0.134931,-0.027971
90664,11/30/2009,DEXCOM INC,0.056851,0.057117
90664,12/31/2009,DEXCOM INC,0.113103,0.028430
90664,01/29/2010,DEXCOM INC,0.122677,-0.037098
90664,02/26/2010,DEXCOM INC,-0.002208,0.034786
90664,03/31/2010,DEXCOM INC,0.077434,0.063626
90664,04/30/2010,DEXCOM INC,0.124230,0.020063
90664,05/28/2010,DEXCOM INC,-0.038356,-0.079163
90664,06/30/2010,DEXCOM INC,0.097816,-0.050745
90664,07/30/2010,DEXCOM INC,-0.034602,0.070309
90664,08/31/2010,DEXCOM INC,0.095878,-0.042844
90664,09/30/2010,DEXCOM INC,0.080949,0.091547
90664,10/29/2010,DEXCOM INC,0.043116,0.038512
90664,11/30/2010,DEXCOM INC,-0.182379,0.005125
90664,12/31/2010,DEXCOM INC,0.210643,0.067205
90664,01/31/2011,DEXCOM INC,0.033333,0.019137
90664,02/28/2011,DEXCOM INC,0.037221,0.038175
90664,03/31/2011,DEXCOM INC,0.060834,0.003353
90664,04/29/2011,DEXCOM INC,0.072809,0.028667
90664,05/31/2011,DEXCOM INC,-0.052853,-0.014900
90664,06/30/2011,DEXCOM INC,-0.081167,-0.018388
90664,07/29/2011,DEXCOM INC,-0.021394,-0.022524
90664,08/31/2011,DEXCOM INC,-0.151622,-0.057498
90664,09/30/2011,DEXCOM INC,-0.002494,-0.084862
90664,10/31/2011,DEXCOM INC,-0.184167,0.114030
90664,11/30/2011,DEXCOM INC,-0.180797,-0.006207
90664,12/30/2011,DEXCOM INC,0.160848,0.003696
90664,01/31/2012,DEXCOM INC,0.178303,0.054095
90664,02/29/2012,DEXCOM INC,-0.016408,0.041239
90664,03/30/2012,DEXCOM INC,-0.033364,0.024004
90664,04/30/2012,DEXCOM INC,-0.062320,-0.006806
90664,05/31/2012,DEXCOM INC,0.100205,-0.065574
90664,06/29/2012,DEXCOM INC,0.204461,0.038189
90664,07/31/2012,DEXCOM INC,-0.150463,0.010284
90664,08/31/2012,DEXCOM INC,0.207993,0.026278
90664,09/28/2012,DEXCOM INC,0.130075,0.026554
90664,10/31/2012,DEXCOM INC,-0.128410,-0.014104
90664,11/30/2012,DEXCOM INC,-0.001527,0.006192
90664,12/31/2012,DEXCOM INC,0.038991,0.012529
90664,01/31/2013,DEXCOM INC,0.120677,0.054145
90664,02/28/2013,DEXCOM INC,-0.020355,0.008340
90664,03/28/2013,DEXCOM INC,0.120643,0.035294
90664,04/30/2013,DEXCOM INC,-0.018541,0.014947
90664,05/31/2013,DEXCOM INC,0.269348,0.019074
90664,06/28/2013,DEXCOM INC,0.077772,-0.015036
90664,07/31/2013,DEXCOM INC,-0.029844,0.052717
90664,08/30/2013,DEXCOM INC,0.241965,-0.025727
90664,09/30/2013,DEXCOM INC,0.043253,0.037470
90664,10/31/2013,DEXCOM INC,0.018072,0.039895
90664,11/29/2013,DEXCOM INC,0.151758,0.024966
90664,12/31/2013,DEXCOM INC,0.070112,0.026140
90664,01/31/2014,DEXCOM INC,0.142615,-0.029987
90664,02/28/2014,DEXCOM INC,0.114681,0.046186
90664,03/31/2014,DEXCOM INC,-0.082927,0.004501
90664,04/30/2014,DEXCOM INC,-0.215667,0.001670
90664,05/30/2014,DEXCOM INC,0.040690,0.020223
90664,06/30/2014,DEXCOM INC,0.174763,0.027961
90664,07/31/2014,DEXCOM INC,-0.049924,-0.020536
90664,08/29/2014,DEXCOM INC,0.173036,0.040206
90664,09/30/2014,DEXCOM INC,-0.095249,-0.025132
90664,10/31/2014,DEXCOM INC,0.124031,0.021198
90664,11/28/2014,DEXCOM INC,0.144828,0.021159
90664,12/31/2014,DEXCOM INC,0.069763,-0.003623
90664,01/30/2015,DEXCOM INC,0.085922,-0.027200
90664,02/27/2015,DEXCOM INC,0.016059,0.056017
90664,03/31/2015,DEXCOM INC,0.026342,-0.010454
90664,04/30/2015,DEXCOM INC,0.083895,0.008716
90664,05/29/2015,DEXCOM INC,0.061418,0.010344
90664,06/30/2015,DEXCOM INC,0.115170,-0.019262
90664,07/31/2015,DEXCOM INC,0.058390,0.012113
90664,08/31/2015,DEXCOM INC,0.112109,-0.060046
90664,09/30/2015,DEXCOM INC,-0.087954,-0.033769
90664,10/30/2015,DEXCOM INC,-0.029583,0.074021
90664,11/30/2015,DEXCOM INC,0.020403,0.002448
90664,12/31/2015,DEXCOM INC,-0.036697,-0.022287
90664,01/29/2016,DEXCOM INC,-0.129670,-0.057094
90664,02/29/2016,DEXCOM INC,-0.087262,0.000685
90664,03/31/2016,DEXCOM INC,0.043806,0.070518
90664,04/29/2016,DEXCOM INC,-0.051981,0.011814
90664,05/31/2016,DEXCOM INC,0.001709,0.014316
90664,06/30/2016,DEXCOM INC,0.230113,0.003111
90664,07/29/2016,DEXCOM INC,0.162612,0.038775
90664,08/31/2016,DEXCOM INC,-0.012360,0.002789
90664,09/30/2016,DEXCOM INC,-0.037655,0.003017
90664,10/31/2016,DEXCOM INC,-0.107461,-0.021594
90664,11/30/2016,DEXCOM INC,-0.165516,0.040491
90664,12/30/2016,DEXCOM INC,-0.085618,0.018792
90664,01/31/2017,DEXCOM INC,0.325796,0.022190
90664,02/28/2017,DEXCOM INC,-0.012508,0.032665
90664,03/31/2017,DEXCOM INC,0.084058,0.002092
90664,04/28/2017,DEXCOM INC,-0.079901,0.009615
90664,05/31/2017,DEXCOM INC,-0.142637,0.009335
90664,06/30/2017,DEXCOM INC,0.094405,0.009469
90664,07/31/2017,DEXCOM INC,-0.089405,0.020330
90664,08/31/2017,DEXCOM INC,0.120102,0.001589
90664,09/29/2017,DEXCOM INC,-0.344257,0.023734
90664,10/31/2017,DEXCOM INC,-0.080838,0.019281
90664,11/30/2017,DEXCOM INC,0.299311,0.027309
90664,12/29/2017,DEXCOM INC,-0.017799,0.012173
90664,01/31/2018,DEXCOM INC,0.014114,0.050656
90664,02/28/2018,DEXCOM INC,-0.035395,-0.039465
90664,03/29/2018,DEXCOM INC,0.320983,-0.018433
90664,04/30/2018,DEXCOM INC,-0.013215,0.004769
90664,05/31/2018,DEXCOM INC,0.202378,0.026170
90664,06/29/2018,DEXCOM INC,0.079441,0.005334
90664,07/31/2018,DEXCOM INC,0.001579,0.031605
90664,08/31/2018,DEXCOM INC,0.517713,0.030221
90664,09/28/2018,DEXCOM INC,-0.009281,0.000443
90664,10/31/2018,DEXCOM INC,-0.071798,-0.074031
90664,11/30/2018,DEXCOM INC,-0.023951,0.018530
90664,12/31/2018,DEXCOM INC,-0.075546,-0.089810
